slug,locale,url,expected_status,reason
2027-ram-rumble-bee-pricing-35000-gap-between-chea,en,https://www.obd2hq.com/en/news/2027-ram-rumble-bee-pricing-35000-gap-between-chea,404,dynamicParams=false on active news route; historical slug is not in current news dataset
2027-ram-rumble-bee-pricing-35000-gap-between-chea,de,https://www.obd2hq.com/de/news/2027-ram-rumble-bee-pricing-35000-gap-between-chea,404,dynamicParams=false on active news route; historical slug is not in current news dataset
2027-ram-rumble-bee-pricing-35000-gap-between-chea,es,https://www.obd2hq.com/es/news/2027-ram-rumble-bee-pricing-35000-gap-between-chea,404,dynamicParams=false on active news route; historical slug is not in current news dataset
2027-ram-rumble-bee-pricing-35000-gap-between-chea,tr,https://www.obd2hq.com/tr/news/2027-ram-rumble-bee-pricing-35000-gap-between-chea,404,dynamicParams=false on active news route; historical slug is not in current news dataset
2027-ram-rumble-bee-pricing-35000-gap-between-chea,fr,https://www.obd2hq.com/fr/news/2027-ram-rumble-bee-pricing-35000-gap-between-chea,404,dynamicParams=false on active news route; historical slug is not in current news dataset
2027-toyota-tundra-gets-an-overlanding-trim-straig,en,https://www.obd2hq.com/en/news/2027-toyota-tundra-gets-an-overlanding-trim-straig,404,dynamicParams=false on active news route; historical slug is not in current news dataset
2027-toyota-tundra-gets-an-overlanding-trim-straig,de,https://www.obd2hq.com/de/news/2027-toyota-tundra-gets-an-overlanding-trim-straig,404,dynamicParams=false on active news route; historical slug is not in current news dataset
2027-toyota-tundra-gets-an-overlanding-trim-straig,es,https://www.obd2hq.com/es/news/2027-toyota-tundra-gets-an-overlanding-trim-straig,404,dynamicParams=false on active news route; historical slug is not in current news dataset
2027-toyota-tundra-gets-an-overlanding-trim-straig,tr,https://www.obd2hq.com/tr/news/2027-toyota-tundra-gets-an-overlanding-trim-straig,404,dynamicParams=false on active news route; historical slug is not in current news dataset
2027-toyota-tundra-gets-an-overlanding-trim-straig,fr,https://www.obd2hq.com/fr/news/2027-toyota-tundra-gets-an-overlanding-trim-straig,404,dynamicParams=false on active news route; historical slug is not in current news dataset
a-genesis-pickup-truck-could-be-back-on-the-table,en,https://www.obd2hq.com/en/news/a-genesis-pickup-truck-could-be-back-on-the-table,404,dynamicParams=false on active news route; historical slug is not in current news dataset
a-genesis-pickup-truck-could-be-back-on-the-table,de,https://www.obd2hq.com/de/news/a-genesis-pickup-truck-could-be-back-on-the-table,404,dynamicParams=false on active news route; historical slug is not in current news dataset
a-genesis-pickup-truck-could-be-back-on-the-table,es,https://www.obd2hq.com/es/news/a-genesis-pickup-truck-could-be-back-on-the-table,404,dynamicParams=false on active news route; historical slug is not in current news dataset
a-genesis-pickup-truck-could-be-back-on-the-table,tr,https://www.obd2hq.com/tr/news/a-genesis-pickup-truck-could-be-back-on-the-table,404,dynamicParams=false on active news route; historical slug is not in current news dataset
a-genesis-pickup-truck-could-be-back-on-the-table,fr,https://www.obd2hq.com/fr/news/a-genesis-pickup-truck-could-be-back-on-the-table,404,dynamicParams=false on active news route; historical slug is not in current news dataset
a-mercedes-executive-reportedly-said-the-electric-,en,https://www.obd2hq.com/en/news/a-mercedes-executive-reportedly-said-the-electric-,404,dynamicParams=false on active news route; historical slug is not in current news dataset
a-mercedes-executive-reportedly-said-the-electric-,de,https://www.obd2hq.com/de/news/a-mercedes-executive-reportedly-said-the-electric-,404,dynamicParams=false on active news route; historical slug is not in current news dataset
a-mercedes-executive-reportedly-said-the-electric-,es,https://www.obd2hq.com/es/news/a-mercedes-executive-reportedly-said-the-electric-,404,dynamicParams=false on active news route; historical slug is not in current news dataset
a-mercedes-executive-reportedly-said-the-electric-,tr,https://www.obd2hq.com/tr/news/a-mercedes-executive-reportedly-said-the-electric-,404,dynamicParams=false on active news route; historical slug is not in current news dataset
a-mercedes-executive-reportedly-said-the-electric-,fr,https://www.obd2hq.com/fr/news/a-mercedes-executive-reportedly-said-the-electric-,404,dynamicParams=false on active news route; historical slug is not in current news dataset
a-new-v8-mercedes-c63-is-coming-eventually,en,https://www.obd2hq.com/en/news/a-new-v8-mercedes-c63-is-coming-eventually,404,dynamicParams=false on active news route; historical slug is not in current news dataset
a-new-v8-mercedes-c63-is-coming-eventually,de,https://www.obd2hq.com/de/news/a-new-v8-mercedes-c63-is-coming-eventually,404,dynamicParams=false on active news route; historical slug is not in current news dataset
a-new-v8-mercedes-c63-is-coming-eventually,es,https://www.obd2hq.com/es/news/a-new-v8-mercedes-c63-is-coming-eventually,404,dynamicParams=false on active news route; historical slug is not in current news dataset
a-new-v8-mercedes-c63-is-coming-eventually,tr,https://www.obd2hq.com/tr/news/a-new-v8-mercedes-c63-is-coming-eventually,404,dynamicParams=false on active news route; historical slug is not in current news dataset
a-new-v8-mercedes-c63-is-coming-eventually,fr,https://www.obd2hq.com/fr/news/a-new-v8-mercedes-c63-is-coming-eventually,404,dynamicParams=false on active news route; historical slug is not in current news dataset
a-wild-new-v10-off-road-supercar-is-coming-from-re,en,https://www.obd2hq.com/en/news/a-wild-new-v10-off-road-supercar-is-coming-from-re,404,dynamicParams=false on active news route; historical slug is not in current news dataset
a-wild-new-v10-off-road-supercar-is-coming-from-re,de,https://www.obd2hq.com/de/news/a-wild-new-v10-off-road-supercar-is-coming-from-re,404,dynamicParams=false on active news route; historical slug is not in current news dataset
a-wild-new-v10-off-road-supercar-is-coming-from-re,es,https://www.obd2hq.com/es/news/a-wild-new-v10-off-road-supercar-is-coming-from-re,404,dynamicParams=false on active news route; historical slug is not in current news dataset
a-wild-new-v10-off-road-supercar-is-coming-from-re,tr,https://www.obd2hq.com/tr/news/a-wild-new-v10-off-road-supercar-is-coming-from-re,404,dynamicParams=false on active news route; historical slug is not in current news dataset
a-wild-new-v10-off-road-supercar-is-coming-from-re,fr,https://www.obd2hq.com/fr/news/a-wild-new-v10-off-road-supercar-is-coming-from-re,404,dynamicParams=false on active news route; historical slug is not in current news dataset
acuras-biggest-suv-yet-could-be-on-the-way-report,en,https://www.obd2hq.com/en/news/acuras-biggest-suv-yet-could-be-on-the-way-report,404,dynamicParams=false on active news route; historical slug is not in current news dataset
acuras-biggest-suv-yet-could-be-on-the-way-report,de,https://www.obd2hq.com/de/news/acuras-biggest-suv-yet-could-be-on-the-way-report,404,dynamicParams=false on active news route; historical slug is not in current news dataset
acuras-biggest-suv-yet-could-be-on-the-way-report,es,https://www.obd2hq.com/es/news/acuras-biggest-suv-yet-could-be-on-the-way-report,404,dynamicParams=false on active news route; historical slug is not in current news dataset
acuras-biggest-suv-yet-could-be-on-the-way-report,tr,https://www.obd2hq.com/tr/news/acuras-biggest-suv-yet-could-be-on-the-way-report,404,dynamicParams=false on active news route; historical slug is not in current news dataset
acuras-biggest-suv-yet-could-be-on-the-way-report,fr,https://www.obd2hq.com/fr/news/acuras-biggest-suv-yet-could-be-on-the-way-report,404,dynamicParams=false on active news route; historical slug is not in current news dataset
aev-built-the-ford-super-duty-most-off-roaders-act,en,https://www.obd2hq.com/en/news/aev-built-the-ford-super-duty-most-off-roaders-act,404,dynamicParams=false on active news route; historical slug is not in current news dataset
aev-built-the-ford-super-duty-most-off-roaders-act,de,https://www.obd2hq.com/de/news/aev-built-the-ford-super-duty-most-off-roaders-act,404,dynamicParams=false on active news route; historical slug is not in current news dataset
aev-built-the-ford-super-duty-most-off-roaders-act,es,https://www.obd2hq.com/es/news/aev-built-the-ford-super-duty-most-off-roaders-act,404,dynamicParams=false on active news route; historical slug is not in current news dataset
aev-built-the-ford-super-duty-most-off-roaders-act,tr,https://www.obd2hq.com/tr/news/aev-built-the-ford-super-duty-most-off-roaders-act,404,dynamicParams=false on active news route; historical slug is not in current news dataset
aev-built-the-ford-super-duty-most-off-roaders-act,fr,https://www.obd2hq.com/fr/news/aev-built-the-ford-super-duty-most-off-roaders-act,404,dynamicParams=false on active news route; historical slug is not in current news dataset
ai-and-ev-battery-diagnostics-revolution,en,https://www.obd2hq.com/en/news/ai-and-ev-battery-diagnostics-revolution,404,dynamicParams=false on active news route; historical slug is not in current news dataset
ai-and-ev-battery-diagnostics-revolution,de,https://www.obd2hq.com/de/news/ai-and-ev-battery-diagnostics-revolution,404,dynamicParams=false on active news route; historical slug is not in current news dataset
ai-and-ev-battery-diagnostics-revolution,es,https://www.obd2hq.com/es/news/ai-and-ev-battery-diagnostics-revolution,404,dynamicParams=false on active news route; historical slug is not in current news dataset
ai-and-ev-battery-diagnostics-revolution,tr,https://www.obd2hq.com/tr/news/ai-and-ev-battery-diagnostics-revolution,404,dynamicParams=false on active news route; historical slug is not in current news dataset
ai-and-ev-battery-diagnostics-revolution,fr,https://www.obd2hq.com/fr/news/ai-and-ev-battery-diagnostics-revolution,404,dynamicParams=false on active news route; historical slug is not in current news dataset
airtag-leads-cops-to-stolen-honda-after-vin-swap,en,https://www.obd2hq.com/en/news/airtag-leads-cops-to-stolen-honda-after-vin-swap,404,dynamicParams=false on active news route; historical slug is not in current news dataset
airtag-leads-cops-to-stolen-honda-after-vin-swap,de,https://www.obd2hq.com/de/news/airtag-leads-cops-to-stolen-honda-after-vin-swap,404,dynamicParams=false on active news route; historical slug is not in current news dataset
airtag-leads-cops-to-stolen-honda-after-vin-swap,es,https://www.obd2hq.com/es/news/airtag-leads-cops-to-stolen-honda-after-vin-swap,404,dynamicParams=false on active news route; historical slug is not in current news dataset
airtag-leads-cops-to-stolen-honda-after-vin-swap,tr,https://www.obd2hq.com/tr/news/airtag-leads-cops-to-stolen-honda-after-vin-swap,404,dynamicParams=false on active news route; historical slug is not in current news dataset
airtag-leads-cops-to-stolen-honda-after-vin-swap,fr,https://www.obd2hq.com/fr/news/airtag-leads-cops-to-stolen-honda-after-vin-swap,404,dynamicParams=false on active news route; historical slug is not in current news dataset
alfa-romeo-stelvio-pushed-back-to-2028should-you-w,en,https://www.obd2hq.com/en/news/alfa-romeo-stelvio-pushed-back-to-2028should-you-w,404,dynamicParams=false on active news route; historical slug is not in current news dataset
alfa-romeo-stelvio-pushed-back-to-2028should-you-w,de,https://www.obd2hq.com/de/news/alfa-romeo-stelvio-pushed-back-to-2028should-you-w,404,dynamicParams=false on active news route; historical slug is not in current news dataset
alfa-romeo-stelvio-pushed-back-to-2028should-you-w,es,https://www.obd2hq.com/es/news/alfa-romeo-stelvio-pushed-back-to-2028should-you-w,404,dynamicParams=false on active news route; historical slug is not in current news dataset
alfa-romeo-stelvio-pushed-back-to-2028should-you-w,tr,https://www.obd2hq.com/tr/news/alfa-romeo-stelvio-pushed-back-to-2028should-you-w,404,dynamicParams=false on active news route; historical slug is not in current news dataset
alfa-romeo-stelvio-pushed-back-to-2028should-you-w,fr,https://www.obd2hq.com/fr/news/alfa-romeo-stelvio-pushed-back-to-2028should-you-w,404,dynamicParams=false on active news route; historical slug is not in current news dataset
alfa-romeo-teases-new-crossover-no-still-not-the-s,en,https://www.obd2hq.com/en/news/alfa-romeo-teases-new-crossover-no-still-not-the-s,404,dynamicParams=false on active news route; historical slug is not in current news dataset
alfa-romeo-teases-new-crossover-no-still-not-the-s,de,https://www.obd2hq.com/de/news/alfa-romeo-teases-new-crossover-no-still-not-the-s,404,dynamicParams=false on active news route; historical slug is not in current news dataset
alfa-romeo-teases-new-crossover-no-still-not-the-s,es,https://www.obd2hq.com/es/news/alfa-romeo-teases-new-crossover-no-still-not-the-s,404,dynamicParams=false on active news route; historical slug is not in current news dataset
alfa-romeo-teases-new-crossover-no-still-not-the-s,tr,https://www.obd2hq.com/tr/news/alfa-romeo-teases-new-crossover-no-still-not-the-s,404,dynamicParams=false on active news route; historical slug is not in current news dataset
alfa-romeo-teases-new-crossover-no-still-not-the-s,fr,https://www.obd2hq.com/fr/news/alfa-romeo-teases-new-crossover-no-still-not-the-s,404,dynamicParams=false on active news route; historical slug is not in current news dataset
all-20-bmw-art-cars-are-finally-together-in-one-pl,en,https://www.obd2hq.com/en/news/all-20-bmw-art-cars-are-finally-together-in-one-pl,404,dynamicParams=false on active news route; historical slug is not in current news dataset
all-20-bmw-art-cars-are-finally-together-in-one-pl,de,https://www.obd2hq.com/de/news/all-20-bmw-art-cars-are-finally-together-in-one-pl,404,dynamicParams=false on active news route; historical slug is not in current news dataset
all-20-bmw-art-cars-are-finally-together-in-one-pl,es,https://www.obd2hq.com/es/news/all-20-bmw-art-cars-are-finally-together-in-one-pl,404,dynamicParams=false on active news route; historical slug is not in current news dataset
all-20-bmw-art-cars-are-finally-together-in-one-pl,tr,https://www.obd2hq.com/tr/news/all-20-bmw-art-cars-are-finally-together-in-one-pl,404,dynamicParams=false on active news route; historical slug is not in current news dataset
all-20-bmw-art-cars-are-finally-together-in-one-pl,fr,https://www.obd2hq.com/fr/news/all-20-bmw-art-cars-are-finally-together-in-one-pl,404,dynamicParams=false on active news route; historical slug is not in current news dataset
americans-are-more-interested-in-off-roading-than,en,https://www.obd2hq.com/en/news/americans-are-more-interested-in-off-roading-than,404,dynamicParams=false on active news route; historical slug is not in current news dataset
americans-are-more-interested-in-off-roading-than,de,https://www.obd2hq.com/de/news/americans-are-more-interested-in-off-roading-than,404,dynamicParams=false on active news route; historical slug is not in current news dataset
americans-are-more-interested-in-off-roading-than,es,https://www.obd2hq.com/es/news/americans-are-more-interested-in-off-roading-than,404,dynamicParams=false on active news route; historical slug is not in current news dataset
americans-are-more-interested-in-off-roading-than,tr,https://www.obd2hq.com/tr/news/americans-are-more-interested-in-off-roading-than,404,dynamicParams=false on active news route; historical slug is not in current news dataset
americans-are-more-interested-in-off-roading-than,fr,https://www.obd2hq.com/fr/news/americans-are-more-interested-in-off-roading-than,404,dynamicParams=false on active news route; historical slug is not in current news dataset
aston-martin-built-a-badass-v12-suv-for-the-new-ca,en,https://www.obd2hq.com/en/news/aston-martin-built-a-badass-v12-suv-for-the-new-ca,404,dynamicParams=false on active news route; historical slug is not in current news dataset
aston-martin-built-a-badass-v12-suv-for-the-new-ca,de,https://www.obd2hq.com/de/news/aston-martin-built-a-badass-v12-suv-for-the-new-ca,404,dynamicParams=false on active news route; historical slug is not in current news dataset
aston-martin-built-a-badass-v12-suv-for-the-new-ca,es,https://www.obd2hq.com/es/news/aston-martin-built-a-badass-v12-suv-for-the-new-ca,404,dynamicParams=false on active news route; historical slug is not in current news dataset
aston-martin-built-a-badass-v12-suv-for-the-new-ca,tr,https://www.obd2hq.com/tr/news/aston-martin-built-a-badass-v12-suv-for-the-new-ca,404,dynamicParams=false on active news route; historical slug is not in current news dataset
aston-martin-built-a-badass-v12-suv-for-the-new-ca,fr,https://www.obd2hq.com/fr/news/aston-martin-built-a-badass-v12-suv-for-the-new-ca,404,dynamicParams=false on active news route; historical slug is not in current news dataset
aston-martin-forced-to-sell-most-of-its-name-to-su,en,https://www.obd2hq.com/en/news/aston-martin-forced-to-sell-most-of-its-name-to-su,404,dynamicParams=false on active news route; historical slug is not in current news dataset
aston-martin-forced-to-sell-most-of-its-name-to-su,de,https://www.obd2hq.com/de/news/aston-martin-forced-to-sell-most-of-its-name-to-su,404,dynamicParams=false on active news route; historical slug is not in current news dataset
aston-martin-forced-to-sell-most-of-its-name-to-su,es,https://www.obd2hq.com/es/news/aston-martin-forced-to-sell-most-of-its-name-to-su,404,dynamicParams=false on active news route; historical slug is not in current news dataset
aston-martin-forced-to-sell-most-of-its-name-to-su,tr,https://www.obd2hq.com/tr/news/aston-martin-forced-to-sell-most-of-its-name-to-su,404,dynamicParams=false on active news route; historical slug is not in current news dataset
aston-martin-forced-to-sell-most-of-its-name-to-su,fr,https://www.obd2hq.com/fr/news/aston-martin-forced-to-sell-most-of-its-name-to-su,404,dynamicParams=false on active news route; historical slug is not in current news dataset
aston-martins-single-seat-supercar-sounds-glorious,en,https://www.obd2hq.com/en/news/aston-martins-single-seat-supercar-sounds-glorious,404,dynamicParams=false on active news route; historical slug is not in current news dataset
aston-martins-single-seat-supercar-sounds-glorious,de,https://www.obd2hq.com/de/news/aston-martins-single-seat-supercar-sounds-glorious,404,dynamicParams=false on active news route; historical slug is not in current news dataset
aston-martins-single-seat-supercar-sounds-glorious,es,https://www.obd2hq.com/es/news/aston-martins-single-seat-supercar-sounds-glorious,404,dynamicParams=false on active news route; historical slug is not in current news dataset
aston-martins-single-seat-supercar-sounds-glorious,tr,https://www.obd2hq.com/tr/news/aston-martins-single-seat-supercar-sounds-glorious,404,dynamicParams=false on active news route; historical slug is not in current news dataset
aston-martins-single-seat-supercar-sounds-glorious,fr,https://www.obd2hq.com/fr/news/aston-martins-single-seat-supercar-sounds-glorious,404,dynamicParams=false on active news route; historical slug is not in current news dataset
audi-caught-flogging-its-tiny-electric-hatchback-o,en,https://www.obd2hq.com/en/news/audi-caught-flogging-its-tiny-electric-hatchback-o,404,dynamicParams=false on active news route; historical slug is not in current news dataset
audi-caught-flogging-its-tiny-electric-hatchback-o,de,https://www.obd2hq.com/de/news/audi-caught-flogging-its-tiny-electric-hatchback-o,404,dynamicParams=false on active news route; historical slug is not in current news dataset
audi-caught-flogging-its-tiny-electric-hatchback-o,es,https://www.obd2hq.com/es/news/audi-caught-flogging-its-tiny-electric-hatchback-o,404,dynamicParams=false on active news route; historical slug is not in current news dataset
audi-caught-flogging-its-tiny-electric-hatchback-o,tr,https://www.obd2hq.com/tr/news/audi-caught-flogging-its-tiny-electric-hatchback-o,404,dynamicParams=false on active news route; historical slug is not in current news dataset
audi-caught-flogging-its-tiny-electric-hatchback-o,fr,https://www.obd2hq.com/fr/news/audi-caught-flogging-its-tiny-electric-hatchback-o,404,dynamicParams=false on active news route; historical slug is not in current news dataset
audi-claims-the-new-a2-e-tron-is-its-most-efficien,en,https://www.obd2hq.com/en/news/audi-claims-the-new-a2-e-tron-is-its-most-efficien,404,dynamicParams=false on active news route; historical slug is not in current news dataset
audi-claims-the-new-a2-e-tron-is-its-most-efficien,de,https://www.obd2hq.com/de/news/audi-claims-the-new-a2-e-tron-is-its-most-efficien,404,dynamicParams=false on active news route; historical slug is not in current news dataset
audi-claims-the-new-a2-e-tron-is-its-most-efficien,es,https://www.obd2hq.com/es/news/audi-claims-the-new-a2-e-tron-is-its-most-efficien,404,dynamicParams=false on active news route; historical slug is not in current news dataset
audi-claims-the-new-a2-e-tron-is-its-most-efficien,tr,https://www.obd2hq.com/tr/news/audi-claims-the-new-a2-e-tron-is-its-most-efficien,404,dynamicParams=false on active news route; historical slug is not in current news dataset
audi-claims-the-new-a2-e-tron-is-its-most-efficien,fr,https://www.obd2hq.com/fr/news/audi-claims-the-new-a2-e-tron-is-its-most-efficien,404,dynamicParams=false on active news route; historical slug is not in current news dataset
audi-isnt-done-with-swoopy-suvs-new-q8-on-the-way,en,https://www.obd2hq.com/en/news/audi-isnt-done-with-swoopy-suvs-new-q8-on-the-way,404,dynamicParams=false on active news route; historical slug is not in current news dataset
audi-isnt-done-with-swoopy-suvs-new-q8-on-the-way,de,https://www.obd2hq.com/de/news/audi-isnt-done-with-swoopy-suvs-new-q8-on-the-way,404,dynamicParams=false on active news route; historical slug is not in current news dataset
audi-isnt-done-with-swoopy-suvs-new-q8-on-the-way,es,https://www.obd2hq.com/es/news/audi-isnt-done-with-swoopy-suvs-new-q8-on-the-way,404,dynamicParams=false on active news route; historical slug is not in current news dataset
audi-isnt-done-with-swoopy-suvs-new-q8-on-the-way,tr,https://www.obd2hq.com/tr/news/audi-isnt-done-with-swoopy-suvs-new-q8-on-the-way,404,dynamicParams=false on active news route; historical slug is not in current news dataset
audi-isnt-done-with-swoopy-suvs-new-q8-on-the-way,fr,https://www.obd2hq.com/fr/news/audi-isnt-done-with-swoopy-suvs-new-q8-on-the-way,404,dynamicParams=false on active news route; historical slug is not in current news dataset
audi-isnt-even-bothering-to-camouflage-the-new-s6,en,https://www.obd2hq.com/en/news/audi-isnt-even-bothering-to-camouflage-the-new-s6,404,dynamicParams=false on active news route; historical slug is not in current news dataset
audi-isnt-even-bothering-to-camouflage-the-new-s6,de,https://www.obd2hq.com/de/news/audi-isnt-even-bothering-to-camouflage-the-new-s6,404,dynamicParams=false on active news route; historical slug is not in current news dataset
audi-isnt-even-bothering-to-camouflage-the-new-s6,es,https://www.obd2hq.com/es/news/audi-isnt-even-bothering-to-camouflage-the-new-s6,404,dynamicParams=false on active news route; historical slug is not in current news dataset
audi-isnt-even-bothering-to-camouflage-the-new-s6,tr,https://www.obd2hq.com/tr/news/audi-isnt-even-bothering-to-camouflage-the-new-s6,404,dynamicParams=false on active news route; historical slug is not in current news dataset
audi-isnt-even-bothering-to-camouflage-the-new-s6,fr,https://www.obd2hq.com/fr/news/audi-isnt-even-bothering-to-camouflage-the-new-s6,404,dynamicParams=false on active news route; historical slug is not in current news dataset
audi-isnt-giving-up-on-wagons-in-america,en,https://www.obd2hq.com/en/news/audi-isnt-giving-up-on-wagons-in-america,404,dynamicParams=false on active news route; historical slug is not in current news dataset
audi-isnt-giving-up-on-wagons-in-america,de,https://www.obd2hq.com/de/news/audi-isnt-giving-up-on-wagons-in-america,404,dynamicParams=false on active news route; historical slug is not in current news dataset
audi-isnt-giving-up-on-wagons-in-america,es,https://www.obd2hq.com/es/news/audi-isnt-giving-up-on-wagons-in-america,404,dynamicParams=false on active news route; historical slug is not in current news dataset
audi-isnt-giving-up-on-wagons-in-america,tr,https://www.obd2hq.com/tr/news/audi-isnt-giving-up-on-wagons-in-america,404,dynamicParams=false on active news route; historical slug is not in current news dataset
audi-isnt-giving-up-on-wagons-in-america,fr,https://www.obd2hq.com/fr/news/audi-isnt-giving-up-on-wagons-in-america,404,dynamicParams=false on active news route; historical slug is not in current news dataset
audi-nuvolari-and-jaguar-type-01-storm-goodwood-th,en,https://www.obd2hq.com/en/news/audi-nuvolari-and-jaguar-type-01-storm-goodwood-th,404,dynamicParams=false on active news route; historical slug is not in current news dataset
audi-nuvolari-and-jaguar-type-01-storm-goodwood-th,de,https://www.obd2hq.com/de/news/audi-nuvolari-and-jaguar-type-01-storm-goodwood-th,404,dynamicParams=false on active news route; historical slug is not in current news dataset
audi-nuvolari-and-jaguar-type-01-storm-goodwood-th,es,https://www.obd2hq.com/es/news/audi-nuvolari-and-jaguar-type-01-storm-goodwood-th,404,dynamicParams=false on active news route; historical slug is not in current news dataset
audi-nuvolari-and-jaguar-type-01-storm-goodwood-th,tr,https://www.obd2hq.com/tr/news/audi-nuvolari-and-jaguar-type-01-storm-goodwood-th,404,dynamicParams=false on active news route; historical slug is not in current news dataset
audi-nuvolari-and-jaguar-type-01-storm-goodwood-th,fr,https://www.obd2hq.com/fr/news/audi-nuvolari-and-jaguar-type-01-storm-goodwood-th,404,dynamicParams=false on active news route; historical slug is not in current news dataset
audis-new-models-are-carrying-it-through-2026,en,https://www.obd2hq.com/en/news/audis-new-models-are-carrying-it-through-2026,404,dynamicParams=false on active news route; historical slug is not in current news dataset
audis-new-models-are-carrying-it-through-2026,de,https://www.obd2hq.com/de/news/audis-new-models-are-carrying-it-through-2026,404,dynamicParams=false on active news route; historical slug is not in current news dataset
audis-new-models-are-carrying-it-through-2026,es,https://www.obd2hq.com/es/news/audis-new-models-are-carrying-it-through-2026,404,dynamicParams=false on active news route; historical slug is not in current news dataset
audis-new-models-are-carrying-it-through-2026,tr,https://www.obd2hq.com/tr/news/audis-new-models-are-carrying-it-through-2026,404,dynamicParams=false on active news route; historical slug is not in current news dataset
audis-new-models-are-carrying-it-through-2026,fr,https://www.obd2hq.com/fr/news/audis-new-models-are-carrying-it-through-2026,404,dynamicParams=false on active news route; historical slug is not in current news dataset
automakers-are-quietly-halting-weekly-ota-updates,en,https://www.obd2hq.com/en/news/automakers-are-quietly-halting-weekly-ota-updates,404,dynamicParams=false on active news route; historical slug is not in current news dataset
automakers-are-quietly-halting-weekly-ota-updates,de,https://www.obd2hq.com/de/news/automakers-are-quietly-halting-weekly-ota-updates,404,dynamicParams=false on active news route; historical slug is not in current news dataset
automakers-are-quietly-halting-weekly-ota-updates,es,https://www.obd2hq.com/es/news/automakers-are-quietly-halting-weekly-ota-updates,404,dynamicParams=false on active news route; historical slug is not in current news dataset
automakers-are-quietly-halting-weekly-ota-updates,tr,https://www.obd2hq.com/tr/news/automakers-are-quietly-halting-weekly-ota-updates,404,dynamicParams=false on active news route; historical slug is not in current news dataset
automakers-are-quietly-halting-weekly-ota-updates,fr,https://www.obd2hq.com/fr/news/automakers-are-quietly-halting-weekly-ota-updates,404,dynamicParams=false on active news route; historical slug is not in current news dataset
bentley-celebrates-80-years-at-crewe-with-a-one-of,en,https://www.obd2hq.com/en/news/bentley-celebrates-80-years-at-crewe-with-a-one-of,404,dynamicParams=false on active news route; historical slug is not in current news dataset
bentley-celebrates-80-years-at-crewe-with-a-one-of,de,https://www.obd2hq.com/de/news/bentley-celebrates-80-years-at-crewe-with-a-one-of,404,dynamicParams=false on active news route; historical slug is not in current news dataset
bentley-celebrates-80-years-at-crewe-with-a-one-of,es,https://www.obd2hq.com/es/news/bentley-celebrates-80-years-at-crewe-with-a-one-of,404,dynamicParams=false on active news route; historical slug is not in current news dataset
bentley-celebrates-80-years-at-crewe-with-a-one-of,tr,https://www.obd2hq.com/tr/news/bentley-celebrates-80-years-at-crewe-with-a-one-of,404,dynamicParams=false on active news route; historical slug is not in current news dataset
bentley-celebrates-80-years-at-crewe-with-a-one-of,fr,https://www.obd2hq.com/fr/news/bentley-celebrates-80-years-at-crewe-with-a-one-of,404,dynamicParams=false on active news route; historical slug is not in current news dataset
bentleys-first-ev-has-a-curved-screen-that-already,en,https://www.obd2hq.com/en/news/bentleys-first-ev-has-a-curved-screen-that-already,404,dynamicParams=false on active news route; historical slug is not in current news dataset
bentleys-first-ev-has-a-curved-screen-that-already,de,https://www.obd2hq.com/de/news/bentleys-first-ev-has-a-curved-screen-that-already,404,dynamicParams=false on active news route; historical slug is not in current news dataset
bentleys-first-ev-has-a-curved-screen-that-already,es,https://www.obd2hq.com/es/news/bentleys-first-ev-has-a-curved-screen-that-already,404,dynamicParams=false on active news route; historical slug is not in current news dataset
bentleys-first-ev-has-a-curved-screen-that-already,tr,https://www.obd2hq.com/tr/news/bentleys-first-ev-has-a-curved-screen-that-already,404,dynamicParams=false on active news route; historical slug is not in current news dataset
bentleys-first-ev-has-a-curved-screen-that-already,fr,https://www.obd2hq.com/fr/news/bentleys-first-ev-has-a-curved-screen-that-already,404,dynamicParams=false on active news route; historical slug is not in current news dataset
bigger-hyundai-tucson-spied-with-massive-screen,en,https://www.obd2hq.com/en/news/bigger-hyundai-tucson-spied-with-massive-screen,404,dynamicParams=false on active news route; historical slug is not in current news dataset
bigger-hyundai-tucson-spied-with-massive-screen,de,https://www.obd2hq.com/de/news/bigger-hyundai-tucson-spied-with-massive-screen,404,dynamicParams=false on active news route; historical slug is not in current news dataset
bigger-hyundai-tucson-spied-with-massive-screen,es,https://www.obd2hq.com/es/news/bigger-hyundai-tucson-spied-with-massive-screen,404,dynamicParams=false on active news route; historical slug is not in current news dataset
bigger-hyundai-tucson-spied-with-massive-screen,tr,https://www.obd2hq.com/tr/news/bigger-hyundai-tucson-spied-with-massive-screen,404,dynamicParams=false on active news route; historical slug is not in current news dataset
bigger-hyundai-tucson-spied-with-massive-screen,fr,https://www.obd2hq.com/fr/news/bigger-hyundai-tucson-spied-with-massive-screen,404,dynamicParams=false on active news route; historical slug is not in current news dataset
bmw-explains-why-it-finally-gave-the-m2-all-wheel-,en,https://www.obd2hq.com/en/news/bmw-explains-why-it-finally-gave-the-m2-all-wheel-,404,dynamicParams=false on active news route; historical slug is not in current news dataset
bmw-explains-why-it-finally-gave-the-m2-all-wheel-,de,https://www.obd2hq.com/de/news/bmw-explains-why-it-finally-gave-the-m2-all-wheel-,404,dynamicParams=false on active news route; historical slug is not in current news dataset
bmw-explains-why-it-finally-gave-the-m2-all-wheel-,es,https://www.obd2hq.com/es/news/bmw-explains-why-it-finally-gave-the-m2-all-wheel-,404,dynamicParams=false on active news route; historical slug is not in current news dataset
bmw-explains-why-it-finally-gave-the-m2-all-wheel-,tr,https://www.obd2hq.com/tr/news/bmw-explains-why-it-finally-gave-the-m2-all-wheel-,404,dynamicParams=false on active news route; historical slug is not in current news dataset
bmw-explains-why-it-finally-gave-the-m2-all-wheel-,fr,https://www.obd2hq.com/fr/news/bmw-explains-why-it-finally-gave-the-m2-all-wheel-,404,dynamicParams=false on active news route; historical slug is not in current news dataset
bmw-explains-why-the-x5-isnt-more-off-road-focused,en,https://www.obd2hq.com/en/news/bmw-explains-why-the-x5-isnt-more-off-road-focused,404,dynamicParams=false on active news route; historical slug is not in current news dataset
bmw-explains-why-the-x5-isnt-more-off-road-focused,de,https://www.obd2hq.com/de/news/bmw-explains-why-the-x5-isnt-more-off-road-focused,404,dynamicParams=false on active news route; historical slug is not in current news dataset
bmw-explains-why-the-x5-isnt-more-off-road-focused,es,https://www.obd2hq.com/es/news/bmw-explains-why-the-x5-isnt-more-off-road-focused,404,dynamicParams=false on active news route; historical slug is not in current news dataset
bmw-explains-why-the-x5-isnt-more-off-road-focused,tr,https://www.obd2hq.com/tr/news/bmw-explains-why-the-x5-isnt-more-off-road-focused,404,dynamicParams=false on active news route; historical slug is not in current news dataset
bmw-explains-why-the-x5-isnt-more-off-road-focused,fr,https://www.obd2hq.com/fr/news/bmw-explains-why-the-x5-isnt-more-off-road-focused,404,dynamicParams=false on active news route; historical slug is not in current news dataset
bmw-i3-starts-series-production-in-munich,en,https://www.obd2hq.com/en/news/bmw-i3-starts-series-production-in-munich,404,dynamicParams=false on active news route; historical slug is not in current news dataset
bmw-i3-starts-series-production-in-munich,de,https://www.obd2hq.com/de/news/bmw-i3-starts-series-production-in-munich,404,dynamicParams=false on active news route; historical slug is not in current news dataset
bmw-i3-starts-series-production-in-munich,es,https://www.obd2hq.com/es/news/bmw-i3-starts-series-production-in-munich,404,dynamicParams=false on active news route; historical slug is not in current news dataset
bmw-i3-starts-series-production-in-munich,tr,https://www.obd2hq.com/tr/news/bmw-i3-starts-series-production-in-munich,404,dynamicParams=false on active news route; historical slug is not in current news dataset
bmw-i3-starts-series-production-in-munich,fr,https://www.obd2hq.com/fr/news/bmw-i3-starts-series-production-in-munich,404,dynamicParams=false on active news route; historical slug is not in current news dataset
bmw-might-build-the-electric-convertible-weve-been,en,https://www.obd2hq.com/en/news/bmw-might-build-the-electric-convertible-weve-been,404,dynamicParams=false on active news route; historical slug is not in current news dataset
bmw-might-build-the-electric-convertible-weve-been,de,https://www.obd2hq.com/de/news/bmw-might-build-the-electric-convertible-weve-been,404,dynamicParams=false on active news route; historical slug is not in current news dataset
bmw-might-build-the-electric-convertible-weve-been,es,https://www.obd2hq.com/es/news/bmw-might-build-the-electric-convertible-weve-been,404,dynamicParams=false on active news route; historical slug is not in current news dataset
bmw-might-build-the-electric-convertible-weve-been,tr,https://www.obd2hq.com/tr/news/bmw-might-build-the-electric-convertible-weve-been,404,dynamicParams=false on active news route; historical slug is not in current news dataset
bmw-might-build-the-electric-convertible-weve-been,fr,https://www.obd2hq.com/fr/news/bmw-might-build-the-electric-convertible-weve-been,404,dynamicParams=false on active news route; historical slug is not in current news dataset
bmw-to-slash-8000-jobs-mostly-german-office-roles,en,https://www.obd2hq.com/en/news/bmw-to-slash-8000-jobs-mostly-german-office-roles,404,dynamicParams=false on active news route; historical slug is not in current news dataset
bmw-to-slash-8000-jobs-mostly-german-office-roles,de,https://www.obd2hq.com/de/news/bmw-to-slash-8000-jobs-mostly-german-office-roles,404,dynamicParams=false on active news route; historical slug is not in current news dataset
bmw-to-slash-8000-jobs-mostly-german-office-roles,es,https://www.obd2hq.com/es/news/bmw-to-slash-8000-jobs-mostly-german-office-roles,404,dynamicParams=false on active news route; historical slug is not in current news dataset
bmw-to-slash-8000-jobs-mostly-german-office-roles,tr,https://www.obd2hq.com/tr/news/bmw-to-slash-8000-jobs-mostly-german-office-roles,404,dynamicParams=false on active news route; historical slug is not in current news dataset
bmw-to-slash-8000-jobs-mostly-german-office-roles,fr,https://www.obd2hq.com/fr/news/bmw-to-slash-8000-jobs-mostly-german-office-roles,404,dynamicParams=false on active news route; historical slug is not in current news dataset
bmw-will-flood-the-market-with-new-cars-through-20,en,https://www.obd2hq.com/en/news/bmw-will-flood-the-market-with-new-cars-through-20,404,dynamicParams=false on active news route; historical slug is not in current news dataset
bmw-will-flood-the-market-with-new-cars-through-20,de,https://www.obd2hq.com/de/news/bmw-will-flood-the-market-with-new-cars-through-20,404,dynamicParams=false on active news route; historical slug is not in current news dataset
bmw-will-flood-the-market-with-new-cars-through-20,es,https://www.obd2hq.com/es/news/bmw-will-flood-the-market-with-new-cars-through-20,404,dynamicParams=false on active news route; historical slug is not in current news dataset
bmw-will-flood-the-market-with-new-cars-through-20,tr,https://www.obd2hq.com/tr/news/bmw-will-flood-the-market-with-new-cars-through-20,404,dynamicParams=false on active news route; historical slug is not in current news dataset
bmw-will-flood-the-market-with-new-cars-through-20,fr,https://www.obd2hq.com/fr/news/bmw-will-flood-the-market-with-new-cars-through-20,404,dynamicParams=false on active news route; historical slug is not in current news dataset
bmws-next-m3-touring-gets-a-codename-and-a-possibl,en,https://www.obd2hq.com/en/news/bmws-next-m3-touring-gets-a-codename-and-a-possibl,404,dynamicParams=false on active news route; historical slug is not in current news dataset
bmws-next-m3-touring-gets-a-codename-and-a-possibl,de,https://www.obd2hq.com/de/news/bmws-next-m3-touring-gets-a-codename-and-a-possibl,404,dynamicParams=false on active news route; historical slug is not in current news dataset
bmws-next-m3-touring-gets-a-codename-and-a-possibl,es,https://www.obd2hq.com/es/news/bmws-next-m3-touring-gets-a-codename-and-a-possibl,404,dynamicParams=false on active news route; historical slug is not in current news dataset
bmws-next-m3-touring-gets-a-codename-and-a-possibl,tr,https://www.obd2hq.com/tr/news/bmws-next-m3-touring-gets-a-codename-and-a-possibl,404,dynamicParams=false on active news route; historical slug is not in current news dataset
bmws-next-m3-touring-gets-a-codename-and-a-possibl,fr,https://www.obd2hq.com/fr/news/bmws-next-m3-touring-gets-a-codename-and-a-possibl,404,dynamicParams=false on active news route; historical slug is not in current news dataset
bmws-off-road-suv-might-not-happen-after-all,en,https://www.obd2hq.com/en/news/bmws-off-road-suv-might-not-happen-after-all,404,dynamicParams=false on active news route; historical slug is not in current news dataset
bmws-off-road-suv-might-not-happen-after-all,de,https://www.obd2hq.com/de/news/bmws-off-road-suv-might-not-happen-after-all,404,dynamicParams=false on active news route; historical slug is not in current news dataset
bmws-off-road-suv-might-not-happen-after-all,es,https://www.obd2hq.com/es/news/bmws-off-road-suv-might-not-happen-after-all,404,dynamicParams=false on active news route; historical slug is not in current news dataset
bmws-off-road-suv-might-not-happen-after-all,tr,https://www.obd2hq.com/tr/news/bmws-off-road-suv-might-not-happen-after-all,404,dynamicParams=false on active news route; historical slug is not in current news dataset
bmws-off-road-suv-might-not-happen-after-all,fr,https://www.obd2hq.com/fr/news/bmws-off-road-suv-might-not-happen-after-all,404,dynamicParams=false on active news route; historical slug is not in current news dataset
brabus-built-a-56-foot-luxury-catamaran-with-1450,en,https://www.obd2hq.com/en/news/brabus-built-a-56-foot-luxury-catamaran-with-1450,404,dynamicParams=false on active news route; historical slug is not in current news dataset
brabus-built-a-56-foot-luxury-catamaran-with-1450,de,https://www.obd2hq.com/de/news/brabus-built-a-56-foot-luxury-catamaran-with-1450,404,dynamicParams=false on active news route; historical slug is not in current news dataset
brabus-built-a-56-foot-luxury-catamaran-with-1450,es,https://www.obd2hq.com/es/news/brabus-built-a-56-foot-luxury-catamaran-with-1450,404,dynamicParams=false on active news route; historical slug is not in current news dataset
brabus-built-a-56-foot-luxury-catamaran-with-1450,tr,https://www.obd2hq.com/tr/news/brabus-built-a-56-foot-luxury-catamaran-with-1450,404,dynamicParams=false on active news route; historical slug is not in current news dataset
brabus-built-a-56-foot-luxury-catamaran-with-1450,fr,https://www.obd2hq.com/fr/news/brabus-built-a-56-foot-luxury-catamaran-with-1450,404,dynamicParams=false on active news route; historical slug is not in current news dataset
bugatti-reveals-its-final-w16-hypercar-before-the-,en,https://www.obd2hq.com/en/news/bugatti-reveals-its-final-w16-hypercar-before-the-,404,dynamicParams=false on active news route; historical slug is not in current news dataset
bugatti-reveals-its-final-w16-hypercar-before-the-,de,https://www.obd2hq.com/de/news/bugatti-reveals-its-final-w16-hypercar-before-the-,404,dynamicParams=false on active news route; historical slug is not in current news dataset
bugatti-reveals-its-final-w16-hypercar-before-the-,es,https://www.obd2hq.com/es/news/bugatti-reveals-its-final-w16-hypercar-before-the-,404,dynamicParams=false on active news route; historical slug is not in current news dataset
bugatti-reveals-its-final-w16-hypercar-before-the-,tr,https://www.obd2hq.com/tr/news/bugatti-reveals-its-final-w16-hypercar-before-the-,404,dynamicParams=false on active news route; historical slug is not in current news dataset
bugatti-reveals-its-final-w16-hypercar-before-the-,fr,https://www.obd2hq.com/fr/news/bugatti-reveals-its-final-w16-hypercar-before-the-,404,dynamicParams=false on active news route; historical slug is not in current news dataset
bugatti-turned-its-bolide-track-car-into-a-rolling,en,https://www.obd2hq.com/en/news/bugatti-turned-its-bolide-track-car-into-a-rolling,404,dynamicParams=false on active news route; historical slug is not in current news dataset
bugatti-turned-its-bolide-track-car-into-a-rolling,de,https://www.obd2hq.com/de/news/bugatti-turned-its-bolide-track-car-into-a-rolling,404,dynamicParams=false on active news route; historical slug is not in current news dataset
bugatti-turned-its-bolide-track-car-into-a-rolling,es,https://www.obd2hq.com/es/news/bugatti-turned-its-bolide-track-car-into-a-rolling,404,dynamicParams=false on active news route; historical slug is not in current news dataset
bugatti-turned-its-bolide-track-car-into-a-rolling,tr,https://www.obd2hq.com/tr/news/bugatti-turned-its-bolide-track-car-into-a-rolling,404,dynamicParams=false on active news route; historical slug is not in current news dataset
bugatti-turned-its-bolide-track-car-into-a-rolling,fr,https://www.obd2hq.com/fr/news/bugatti-turned-its-bolide-track-car-into-a-rolling,404,dynamicParams=false on active news route; historical slug is not in current news dataset
bugattis-last-w16-powered-track-car-is-now-street-,en,https://www.obd2hq.com/en/news/bugattis-last-w16-powered-track-car-is-now-street-,404,dynamicParams=false on active news route; historical slug is not in current news dataset
bugattis-last-w16-powered-track-car-is-now-street-,de,https://www.obd2hq.com/de/news/bugattis-last-w16-powered-track-car-is-now-street-,404,dynamicParams=false on active news route; historical slug is not in current news dataset
bugattis-last-w16-powered-track-car-is-now-street-,es,https://www.obd2hq.com/es/news/bugattis-last-w16-powered-track-car-is-now-street-,404,dynamicParams=false on active news route; historical slug is not in current news dataset
bugattis-last-w16-powered-track-car-is-now-street-,tr,https://www.obd2hq.com/tr/news/bugattis-last-w16-powered-track-car-is-now-street-,404,dynamicParams=false on active news route; historical slug is not in current news dataset
bugattis-last-w16-powered-track-car-is-now-street-,fr,https://www.obd2hq.com/fr/news/bugattis-last-w16-powered-track-car-is-now-street-,404,dynamicParams=false on active news route; historical slug is not in current news dataset
cadillac-ct5s-shocking-iihs-failure-drivers-head-h,en,https://www.obd2hq.com/en/news/cadillac-ct5s-shocking-iihs-failure-drivers-head-h,404,dynamicParams=false on active news route; historical slug is not in current news dataset
cadillac-ct5s-shocking-iihs-failure-drivers-head-h,de,https://www.obd2hq.com/de/news/cadillac-ct5s-shocking-iihs-failure-drivers-head-h,404,dynamicParams=false on active news route; historical slug is not in current news dataset
cadillac-ct5s-shocking-iihs-failure-drivers-head-h,es,https://www.obd2hq.com/es/news/cadillac-ct5s-shocking-iihs-failure-drivers-head-h,404,dynamicParams=false on active news route; historical slug is not in current news dataset
cadillac-ct5s-shocking-iihs-failure-drivers-head-h,tr,https://www.obd2hq.com/tr/news/cadillac-ct5s-shocking-iihs-failure-drivers-head-h,404,dynamicParams=false on active news route; historical slug is not in current news dataset
cadillac-ct5s-shocking-iihs-failure-drivers-head-h,fr,https://www.obd2hq.com/fr/news/cadillac-ct5s-shocking-iihs-failure-drivers-head-h,404,dynamicParams=false on active news route; historical slug is not in current news dataset
cadillac-is-bringing-back-two-gas-suvs-it-just-kil,en,https://www.obd2hq.com/en/news/cadillac-is-bringing-back-two-gas-suvs-it-just-kil,404,dynamicParams=false on active news route; historical slug is not in current news dataset
cadillac-is-bringing-back-two-gas-suvs-it-just-kil,de,https://www.obd2hq.com/de/news/cadillac-is-bringing-back-two-gas-suvs-it-just-kil,404,dynamicParams=false on active news route; historical slug is not in current news dataset
cadillac-is-bringing-back-two-gas-suvs-it-just-kil,es,https://www.obd2hq.com/es/news/cadillac-is-bringing-back-two-gas-suvs-it-just-kil,404,dynamicParams=false on active news route; historical slug is not in current news dataset
cadillac-is-bringing-back-two-gas-suvs-it-just-kil,tr,https://www.obd2hq.com/tr/news/cadillac-is-bringing-back-two-gas-suvs-it-just-kil,404,dynamicParams=false on active news route; historical slug is not in current news dataset
cadillac-is-bringing-back-two-gas-suvs-it-just-kil,fr,https://www.obd2hq.com/fr/news/cadillac-is-bringing-back-two-gas-suvs-it-just-kil,404,dynamicParams=false on active news route; historical slug is not in current news dataset
cadillacs-big-infotainment-fix-is-rolling-out-now,en,https://www.obd2hq.com/en/news/cadillacs-big-infotainment-fix-is-rolling-out-now,404,dynamicParams=false on active news route; historical slug is not in current news dataset
cadillacs-big-infotainment-fix-is-rolling-out-now,de,https://www.obd2hq.com/de/news/cadillacs-big-infotainment-fix-is-rolling-out-now,404,dynamicParams=false on active news route; historical slug is not in current news dataset
cadillacs-big-infotainment-fix-is-rolling-out-now,es,https://www.obd2hq.com/es/news/cadillacs-big-infotainment-fix-is-rolling-out-now,404,dynamicParams=false on active news route; historical slug is not in current news dataset
cadillacs-big-infotainment-fix-is-rolling-out-now,tr,https://www.obd2hq.com/tr/news/cadillacs-big-infotainment-fix-is-rolling-out-now,404,dynamicParams=false on active news route; historical slug is not in current news dataset
cadillacs-big-infotainment-fix-is-rolling-out-now,fr,https://www.obd2hq.com/fr/news/cadillacs-big-infotainment-fix-is-rolling-out-now,404,dynamicParams=false on active news route; historical slug is not in current news dataset
car-buyers-dont-want-more-tech-they-just-want-heat,en,https://www.obd2hq.com/en/news/car-buyers-dont-want-more-tech-they-just-want-heat,404,dynamicParams=false on active news route; historical slug is not in current news dataset
car-buyers-dont-want-more-tech-they-just-want-heat,de,https://www.obd2hq.com/de/news/car-buyers-dont-want-more-tech-they-just-want-heat,404,dynamicParams=false on active news route; historical slug is not in current news dataset
car-buyers-dont-want-more-tech-they-just-want-heat,es,https://www.obd2hq.com/es/news/car-buyers-dont-want-more-tech-they-just-want-heat,404,dynamicParams=false on active news route; historical slug is not in current news dataset
car-buyers-dont-want-more-tech-they-just-want-heat,tr,https://www.obd2hq.com/tr/news/car-buyers-dont-want-more-tech-they-just-want-heat,404,dynamicParams=false on active news route; historical slug is not in current news dataset
car-buyers-dont-want-more-tech-they-just-want-heat,fr,https://www.obd2hq.com/fr/news/car-buyers-dont-want-more-tech-they-just-want-heat,404,dynamicParams=false on active news route; historical slug is not in current news dataset
caught-on-camera-dealer-used-customers-kia-parts-o,en,https://www.obd2hq.com/en/news/caught-on-camera-dealer-used-customers-kia-parts-o,404,dynamicParams=false on active news route; historical slug is not in current news dataset
caught-on-camera-dealer-used-customers-kia-parts-o,de,https://www.obd2hq.com/de/news/caught-on-camera-dealer-used-customers-kia-parts-o,404,dynamicParams=false on active news route; historical slug is not in current news dataset
caught-on-camera-dealer-used-customers-kia-parts-o,es,https://www.obd2hq.com/es/news/caught-on-camera-dealer-used-customers-kia-parts-o,404,dynamicParams=false on active news route; historical slug is not in current news dataset
caught-on-camera-dealer-used-customers-kia-parts-o,tr,https://www.obd2hq.com/tr/news/caught-on-camera-dealer-used-customers-kia-parts-o,404,dynamicParams=false on active news route; historical slug is not in current news dataset
caught-on-camera-dealer-used-customers-kia-parts-o,fr,https://www.obd2hq.com/fr/news/caught-on-camera-dealer-used-customers-kia-parts-o,404,dynamicParams=false on active news route; historical slug is not in current news dataset
chinas-long-wheelbase-bmw-x5-has-a-feature-the-res,en,https://www.obd2hq.com/en/news/chinas-long-wheelbase-bmw-x5-has-a-feature-the-res,404,dynamicParams=false on active news route; historical slug is not in current news dataset
chinas-long-wheelbase-bmw-x5-has-a-feature-the-res,de,https://www.obd2hq.com/de/news/chinas-long-wheelbase-bmw-x5-has-a-feature-the-res,404,dynamicParams=false on active news route; historical slug is not in current news dataset
chinas-long-wheelbase-bmw-x5-has-a-feature-the-res,es,https://www.obd2hq.com/es/news/chinas-long-wheelbase-bmw-x5-has-a-feature-the-res,404,dynamicParams=false on active news route; historical slug is not in current news dataset
chinas-long-wheelbase-bmw-x5-has-a-feature-the-res,tr,https://www.obd2hq.com/tr/news/chinas-long-wheelbase-bmw-x5-has-a-feature-the-res,404,dynamicParams=false on active news route; historical slug is not in current news dataset
chinas-long-wheelbase-bmw-x5-has-a-feature-the-res,fr,https://www.obd2hq.com/fr/news/chinas-long-wheelbase-bmw-x5-has-a-feature-the-res,404,dynamicParams=false on active news route; historical slug is not in current news dataset
chinas-newest-luxury-suv-is-built-to-beat-the-germ,en,https://www.obd2hq.com/en/news/chinas-newest-luxury-suv-is-built-to-beat-the-germ,404,dynamicParams=false on active news route; historical slug is not in current news dataset
chinas-newest-luxury-suv-is-built-to-beat-the-germ,de,https://www.obd2hq.com/de/news/chinas-newest-luxury-suv-is-built-to-beat-the-germ,404,dynamicParams=false on active news route; historical slug is not in current news dataset
chinas-newest-luxury-suv-is-built-to-beat-the-germ,es,https://www.obd2hq.com/es/news/chinas-newest-luxury-suv-is-built-to-beat-the-germ,404,dynamicParams=false on active news route; historical slug is not in current news dataset
chinas-newest-luxury-suv-is-built-to-beat-the-germ,tr,https://www.obd2hq.com/tr/news/chinas-newest-luxury-suv-is-built-to-beat-the-germ,404,dynamicParams=false on active news route; historical slug is not in current news dataset
chinas-newest-luxury-suv-is-built-to-beat-the-germ,fr,https://www.obd2hq.com/fr/news/chinas-newest-luxury-suv-is-built-to-beat-the-germ,404,dynamicParams=false on active news route; historical slug is not in current news dataset
costco-is-offering-big-discounts-on-new-infiniti-s,en,https://www.obd2hq.com/en/news/costco-is-offering-big-discounts-on-new-infiniti-s,404,dynamicParams=false on active news route; historical slug is not in current news dataset
costco-is-offering-big-discounts-on-new-infiniti-s,de,https://www.obd2hq.com/de/news/costco-is-offering-big-discounts-on-new-infiniti-s,404,dynamicParams=false on active news route; historical slug is not in current news dataset
costco-is-offering-big-discounts-on-new-infiniti-s,es,https://www.obd2hq.com/es/news/costco-is-offering-big-discounts-on-new-infiniti-s,404,dynamicParams=false on active news route; historical slug is not in current news dataset
costco-is-offering-big-discounts-on-new-infiniti-s,tr,https://www.obd2hq.com/tr/news/costco-is-offering-big-discounts-on-new-infiniti-s,404,dynamicParams=false on active news route; historical slug is not in current news dataset
costco-is-offering-big-discounts-on-new-infiniti-s,fr,https://www.obd2hq.com/fr/news/costco-is-offering-big-discounts-on-new-infiniti-s,404,dynamicParams=false on active news route; historical slug is not in current news dataset
did-you-know-china-makes-a-beetle-clone-and-it-jus,en,https://www.obd2hq.com/en/news/did-you-know-china-makes-a-beetle-clone-and-it-jus,404,dynamicParams=false on active news route; historical slug is not in current news dataset
did-you-know-china-makes-a-beetle-clone-and-it-jus,de,https://www.obd2hq.com/de/news/did-you-know-china-makes-a-beetle-clone-and-it-jus,404,dynamicParams=false on active news route; historical slug is not in current news dataset
did-you-know-china-makes-a-beetle-clone-and-it-jus,es,https://www.obd2hq.com/es/news/did-you-know-china-makes-a-beetle-clone-and-it-jus,404,dynamicParams=false on active news route; historical slug is not in current news dataset
did-you-know-china-makes-a-beetle-clone-and-it-jus,tr,https://www.obd2hq.com/tr/news/did-you-know-china-makes-a-beetle-clone-and-it-jus,404,dynamicParams=false on active news route; historical slug is not in current news dataset
did-you-know-china-makes-a-beetle-clone-and-it-jus,fr,https://www.obd2hq.com/fr/news/did-you-know-china-makes-a-beetle-clone-and-it-jus,404,dynamicParams=false on active news route; historical slug is not in current news dataset
dodge-gives-the-16-year-old-durango-special-colors,en,https://www.obd2hq.com/en/news/dodge-gives-the-16-year-old-durango-special-colors,404,dynamicParams=false on active news route; historical slug is not in current news dataset
dodge-gives-the-16-year-old-durango-special-colors,de,https://www.obd2hq.com/de/news/dodge-gives-the-16-year-old-durango-special-colors,404,dynamicParams=false on active news route; historical slug is not in current news dataset
dodge-gives-the-16-year-old-durango-special-colors,es,https://www.obd2hq.com/es/news/dodge-gives-the-16-year-old-durango-special-colors,404,dynamicParams=false on active news route; historical slug is not in current news dataset
dodge-gives-the-16-year-old-durango-special-colors,tr,https://www.obd2hq.com/tr/news/dodge-gives-the-16-year-old-durango-special-colors,404,dynamicParams=false on active news route; historical slug is not in current news dataset
dodge-gives-the-16-year-old-durango-special-colors,fr,https://www.obd2hq.com/fr/news/dodge-gives-the-16-year-old-durango-special-colors,404,dynamicParams=false on active news route; historical slug is not in current news dataset
dodge-gives-you-5500-reasons-to-buy-a-new-charger-,en,https://www.obd2hq.com/en/news/dodge-gives-you-5500-reasons-to-buy-a-new-charger-,404,dynamicParams=false on active news route; historical slug is not in current news dataset
dodge-gives-you-5500-reasons-to-buy-a-new-charger-,de,https://www.obd2hq.com/de/news/dodge-gives-you-5500-reasons-to-buy-a-new-charger-,404,dynamicParams=false on active news route; historical slug is not in current news dataset
dodge-gives-you-5500-reasons-to-buy-a-new-charger-,es,https://www.obd2hq.com/es/news/dodge-gives-you-5500-reasons-to-buy-a-new-charger-,404,dynamicParams=false on active news route; historical slug is not in current news dataset
dodge-gives-you-5500-reasons-to-buy-a-new-charger-,tr,https://www.obd2hq.com/tr/news/dodge-gives-you-5500-reasons-to-buy-a-new-charger-,404,dynamicParams=false on active news route; historical slug is not in current news dataset
dodge-gives-you-5500-reasons-to-buy-a-new-charger-,fr,https://www.obd2hq.com/fr/news/dodge-gives-you-5500-reasons-to-buy-a-new-charger-,404,dynamicParams=false on active news route; historical slug is not in current news dataset
dodge-teases-the-return-of-one-of-its-most-iconic,en,https://www.obd2hq.com/en/news/dodge-teases-the-return-of-one-of-its-most-iconic,404,dynamicParams=false on active news route; historical slug is not in current news dataset
dodge-teases-the-return-of-one-of-its-most-iconic,de,https://www.obd2hq.com/de/news/dodge-teases-the-return-of-one-of-its-most-iconic,404,dynamicParams=false on active news route; historical slug is not in current news dataset
dodge-teases-the-return-of-one-of-its-most-iconic,es,https://www.obd2hq.com/es/news/dodge-teases-the-return-of-one-of-its-most-iconic,404,dynamicParams=false on active news route; historical slug is not in current news dataset
dodge-teases-the-return-of-one-of-its-most-iconic,tr,https://www.obd2hq.com/tr/news/dodge-teases-the-return-of-one-of-its-most-iconic,404,dynamicParams=false on active news route; historical slug is not in current news dataset
dodge-teases-the-return-of-one-of-its-most-iconic,fr,https://www.obd2hq.com/fr/news/dodge-teases-the-return-of-one-of-its-most-iconic,404,dynamicParams=false on active news route; historical slug is not in current news dataset
electric-bmw-m3-will-have-more-power-than-the-gas-,en,https://www.obd2hq.com/en/news/electric-bmw-m3-will-have-more-power-than-the-gas-,404,dynamicParams=false on active news route; historical slug is not in current news dataset
electric-bmw-m3-will-have-more-power-than-the-gas-,de,https://www.obd2hq.com/de/news/electric-bmw-m3-will-have-more-power-than-the-gas-,404,dynamicParams=false on active news route; historical slug is not in current news dataset
electric-bmw-m3-will-have-more-power-than-the-gas-,es,https://www.obd2hq.com/es/news/electric-bmw-m3-will-have-more-power-than-the-gas-,404,dynamicParams=false on active news route; historical slug is not in current news dataset
electric-bmw-m3-will-have-more-power-than-the-gas-,tr,https://www.obd2hq.com/tr/news/electric-bmw-m3-will-have-more-power-than-the-gas-,404,dynamicParams=false on active news route; historical slug is not in current news dataset
electric-bmw-m3-will-have-more-power-than-the-gas-,fr,https://www.obd2hq.com/fr/news/electric-bmw-m3-will-have-more-power-than-the-gas-,404,dynamicParams=false on active news route; historical slug is not in current news dataset
eu-regulation-2026-699-right-to-repair,en,https://www.obd2hq.com/en/news/eu-regulation-2026-699-right-to-repair,404,dynamicParams=false on active news route; historical slug is not in current news dataset
eu-regulation-2026-699-right-to-repair,de,https://www.obd2hq.com/de/news/eu-regulation-2026-699-right-to-repair,404,dynamicParams=false on active news route; historical slug is not in current news dataset
eu-regulation-2026-699-right-to-repair,es,https://www.obd2hq.com/es/news/eu-regulation-2026-699-right-to-repair,404,dynamicParams=false on active news route; historical slug is not in current news dataset
eu-regulation-2026-699-right-to-repair,tr,https://www.obd2hq.com/tr/news/eu-regulation-2026-699-right-to-repair,404,dynamicParams=false on active news route; historical slug is not in current news dataset
eu-regulation-2026-699-right-to-repair,fr,https://www.obd2hq.com/fr/news/eu-regulation-2026-699-right-to-repair,404,dynamicParams=false on active news route; historical slug is not in current news dataset
ferrari-f80-aperta-spied-for-the-first-time,en,https://www.obd2hq.com/en/news/ferrari-f80-aperta-spied-for-the-first-time,404,dynamicParams=false on active news route; historical slug is not in current news dataset
ferrari-f80-aperta-spied-for-the-first-time,de,https://www.obd2hq.com/de/news/ferrari-f80-aperta-spied-for-the-first-time,404,dynamicParams=false on active news route; historical slug is not in current news dataset
ferrari-f80-aperta-spied-for-the-first-time,es,https://www.obd2hq.com/es/news/ferrari-f80-aperta-spied-for-the-first-time,404,dynamicParams=false on active news route; historical slug is not in current news dataset
ferrari-f80-aperta-spied-for-the-first-time,tr,https://www.obd2hq.com/tr/news/ferrari-f80-aperta-spied-for-the-first-time,404,dynamicParams=false on active news route; historical slug is not in current news dataset
ferrari-f80-aperta-spied-for-the-first-time,fr,https://www.obd2hq.com/fr/news/ferrari-f80-aperta-spied-for-the-first-time,404,dynamicParams=false on active news route; historical slug is not in current news dataset
ferrari-goes-beyond-electric-new-models-and-biofue,en,https://www.obd2hq.com/en/news/ferrari-goes-beyond-electric-new-models-and-biofue,404,dynamicParams=false on active news route; historical slug is not in current news dataset
ferrari-goes-beyond-electric-new-models-and-biofue,de,https://www.obd2hq.com/de/news/ferrari-goes-beyond-electric-new-models-and-biofue,404,dynamicParams=false on active news route; historical slug is not in current news dataset
ferrari-goes-beyond-electric-new-models-and-biofue,es,https://www.obd2hq.com/es/news/ferrari-goes-beyond-electric-new-models-and-biofue,404,dynamicParams=false on active news route; historical slug is not in current news dataset
ferrari-goes-beyond-electric-new-models-and-biofue,tr,https://www.obd2hq.com/tr/news/ferrari-goes-beyond-electric-new-models-and-biofue,404,dynamicParams=false on active news route; historical slug is not in current news dataset
ferrari-goes-beyond-electric-new-models-and-biofue,fr,https://www.obd2hq.com/fr/news/ferrari-goes-beyond-electric-new-models-and-biofue,404,dynamicParams=false on active news route; historical slug is not in current news dataset
ferrari-is-loving-the-luce-haters,en,https://www.obd2hq.com/en/news/ferrari-is-loving-the-luce-haters,404,dynamicParams=false on active news route; historical slug is not in current news dataset
ferrari-is-loving-the-luce-haters,de,https://www.obd2hq.com/de/news/ferrari-is-loving-the-luce-haters,404,dynamicParams=false on active news route; historical slug is not in current news dataset
ferrari-is-loving-the-luce-haters,es,https://www.obd2hq.com/es/news/ferrari-is-loving-the-luce-haters,404,dynamicParams=false on active news route; historical slug is not in current news dataset
ferrari-is-loving-the-luce-haters,tr,https://www.obd2hq.com/tr/news/ferrari-is-loving-the-luce-haters,404,dynamicParams=false on active news route; historical slug is not in current news dataset
ferrari-is-loving-the-luce-haters,fr,https://www.obd2hq.com/fr/news/ferrari-is-loving-the-luce-haters,404,dynamicParams=false on active news route; historical slug is not in current news dataset
ferrari-is-sold-out-through-2027,en,https://www.obd2hq.com/en/news/ferrari-is-sold-out-through-2027,404,dynamicParams=false on active news route; historical slug is not in current news dataset
ferrari-is-sold-out-through-2027,de,https://www.obd2hq.com/de/news/ferrari-is-sold-out-through-2027,404,dynamicParams=false on active news route; historical slug is not in current news dataset
ferrari-is-sold-out-through-2027,es,https://www.obd2hq.com/es/news/ferrari-is-sold-out-through-2027,404,dynamicParams=false on active news route; historical slug is not in current news dataset
ferrari-is-sold-out-through-2027,tr,https://www.obd2hq.com/tr/news/ferrari-is-sold-out-through-2027,404,dynamicParams=false on active news route; historical slug is not in current news dataset
ferrari-is-sold-out-through-2027,fr,https://www.obd2hq.com/fr/news/ferrari-is-sold-out-through-2027,404,dynamicParams=false on active news route; historical slug is not in current news dataset
ford-recalls-566000-broncos-for-engine-compartment,en,https://www.obd2hq.com/en/news/ford-recalls-566000-broncos-for-engine-compartment,404,dynamicParams=false on active news route; historical slug is not in current news dataset
ford-recalls-566000-broncos-for-engine-compartment,de,https://www.obd2hq.com/de/news/ford-recalls-566000-broncos-for-engine-compartment,404,dynamicParams=false on active news route; historical slug is not in current news dataset
ford-recalls-566000-broncos-for-engine-compartment,es,https://www.obd2hq.com/es/news/ford-recalls-566000-broncos-for-engine-compartment,404,dynamicParams=false on active news route; historical slug is not in current news dataset
ford-recalls-566000-broncos-for-engine-compartment,tr,https://www.obd2hq.com/tr/news/ford-recalls-566000-broncos-for-engine-compartment,404,dynamicParams=false on active news route; historical slug is not in current news dataset
ford-recalls-566000-broncos-for-engine-compartment,fr,https://www.obd2hq.com/fr/news/ford-recalls-566000-broncos-for-engine-compartment,404,dynamicParams=false on active news route; historical slug is not in current news dataset
fords-57th-recall-of-the-year-hits-288000-explorer,en,https://www.obd2hq.com/en/news/fords-57th-recall-of-the-year-hits-288000-explorer,404,dynamicParams=false on active news route; historical slug is not in current news dataset
fords-57th-recall-of-the-year-hits-288000-explorer,de,https://www.obd2hq.com/de/news/fords-57th-recall-of-the-year-hits-288000-explorer,404,dynamicParams=false on active news route; historical slug is not in current news dataset
fords-57th-recall-of-the-year-hits-288000-explorer,es,https://www.obd2hq.com/es/news/fords-57th-recall-of-the-year-hits-288000-explorer,404,dynamicParams=false on active news route; historical slug is not in current news dataset
fords-57th-recall-of-the-year-hits-288000-explorer,tr,https://www.obd2hq.com/tr/news/fords-57th-recall-of-the-year-hits-288000-explorer,404,dynamicParams=false on active news route; historical slug is not in current news dataset
fords-57th-recall-of-the-year-hits-288000-explorer,fr,https://www.obd2hq.com/fr/news/fords-57th-recall-of-the-year-hits-288000-explorer,404,dynamicParams=false on active news route; historical slug is not in current news dataset
fords-affordable-electric-pickup-has-a-nameand-a-p,en,https://www.obd2hq.com/en/news/fords-affordable-electric-pickup-has-a-nameand-a-p,404,dynamicParams=false on active news route; historical slug is not in current news dataset
fords-affordable-electric-pickup-has-a-nameand-a-p,de,https://www.obd2hq.com/de/news/fords-affordable-electric-pickup-has-a-nameand-a-p,404,dynamicParams=false on active news route; historical slug is not in current news dataset
fords-affordable-electric-pickup-has-a-nameand-a-p,es,https://www.obd2hq.com/es/news/fords-affordable-electric-pickup-has-a-nameand-a-p,404,dynamicParams=false on active news route; historical slug is not in current news dataset
fords-affordable-electric-pickup-has-a-nameand-a-p,tr,https://www.obd2hq.com/tr/news/fords-affordable-electric-pickup-has-a-nameand-a-p,404,dynamicParams=false on active news route; historical slug is not in current news dataset
fords-affordable-electric-pickup-has-a-nameand-a-p,fr,https://www.obd2hq.com/fr/news/fords-affordable-electric-pickup-has-a-nameand-a-p,404,dynamicParams=false on active news route; historical slug is not in current news dataset
fords-ceo-still-isnt-satisfied-with-brand-quality,en,https://www.obd2hq.com/en/news/fords-ceo-still-isnt-satisfied-with-brand-quality,404,dynamicParams=false on active news route; historical slug is not in current news dataset
fords-ceo-still-isnt-satisfied-with-brand-quality,de,https://www.obd2hq.com/de/news/fords-ceo-still-isnt-satisfied-with-brand-quality,404,dynamicParams=false on active news route; historical slug is not in current news dataset
fords-ceo-still-isnt-satisfied-with-brand-quality,es,https://www.obd2hq.com/es/news/fords-ceo-still-isnt-satisfied-with-brand-quality,404,dynamicParams=false on active news route; historical slug is not in current news dataset
fords-ceo-still-isnt-satisfied-with-brand-quality,tr,https://www.obd2hq.com/tr/news/fords-ceo-still-isnt-satisfied-with-brand-quality,404,dynamicParams=false on active news route; historical slug is not in current news dataset
fords-ceo-still-isnt-satisfied-with-brand-quality,fr,https://www.obd2hq.com/fr/news/fords-ceo-still-isnt-satisfied-with-brand-quality,404,dynamicParams=false on active news route; historical slug is not in current news dataset
fords-next-evs-will-ditch-google-for-apple-maps,en,https://www.obd2hq.com/en/news/fords-next-evs-will-ditch-google-for-apple-maps,404,dynamicParams=false on active news route; historical slug is not in current news dataset
fords-next-evs-will-ditch-google-for-apple-maps,de,https://www.obd2hq.com/de/news/fords-next-evs-will-ditch-google-for-apple-maps,404,dynamicParams=false on active news route; historical slug is not in current news dataset
fords-next-evs-will-ditch-google-for-apple-maps,es,https://www.obd2hq.com/es/news/fords-next-evs-will-ditch-google-for-apple-maps,404,dynamicParams=false on active news route; historical slug is not in current news dataset
fords-next-evs-will-ditch-google-for-apple-maps,tr,https://www.obd2hq.com/tr/news/fords-next-evs-will-ditch-google-for-apple-maps,404,dynamicParams=false on active news route; historical slug is not in current news dataset
fords-next-evs-will-ditch-google-for-apple-maps,fr,https://www.obd2hq.com/fr/news/fords-next-evs-will-ditch-google-for-apple-maps,404,dynamicParams=false on active news route; historical slug is not in current news dataset
fords-super-duty-could-become-the-us-armys-next-ta,en,https://www.obd2hq.com/en/news/fords-super-duty-could-become-the-us-armys-next-ta,404,dynamicParams=false on active news route; historical slug is not in current news dataset
fords-super-duty-could-become-the-us-armys-next-ta,de,https://www.obd2hq.com/de/news/fords-super-duty-could-become-the-us-armys-next-ta,404,dynamicParams=false on active news route; historical slug is not in current news dataset
fords-super-duty-could-become-the-us-armys-next-ta,es,https://www.obd2hq.com/es/news/fords-super-duty-could-become-the-us-armys-next-ta,404,dynamicParams=false on active news route; historical slug is not in current news dataset
fords-super-duty-could-become-the-us-armys-next-ta,tr,https://www.obd2hq.com/tr/news/fords-super-duty-could-become-the-us-armys-next-ta,404,dynamicParams=false on active news route; historical slug is not in current news dataset
fords-super-duty-could-become-the-us-armys-next-ta,fr,https://www.obd2hq.com/fr/news/fords-super-duty-could-become-the-us-armys-next-ta,404,dynamicParams=false on active news route; historical slug is not in current news dataset
genesis-could-build-something-even-hotter-than-mag,en,https://www.obd2hq.com/en/news/genesis-could-build-something-even-hotter-than-mag,404,dynamicParams=false on active news route; historical slug is not in current news dataset
genesis-could-build-something-even-hotter-than-mag,de,https://www.obd2hq.com/de/news/genesis-could-build-something-even-hotter-than-mag,404,dynamicParams=false on active news route; historical slug is not in current news dataset
genesis-could-build-something-even-hotter-than-mag,es,https://www.obd2hq.com/es/news/genesis-could-build-something-even-hotter-than-mag,404,dynamicParams=false on active news route; historical slug is not in current news dataset
genesis-could-build-something-even-hotter-than-mag,tr,https://www.obd2hq.com/tr/news/genesis-could-build-something-even-hotter-than-mag,404,dynamicParams=false on active news route; historical slug is not in current news dataset
genesis-could-build-something-even-hotter-than-mag,fr,https://www.obd2hq.com/fr/news/genesis-could-build-something-even-hotter-than-mag,404,dynamicParams=false on active news route; historical slug is not in current news dataset
genesis-new-flagship-suv-could-show-up-this-month,en,https://www.obd2hq.com/en/news/genesis-new-flagship-suv-could-show-up-this-month,404,dynamicParams=false on active news route; historical slug is not in current news dataset
genesis-new-flagship-suv-could-show-up-this-month,de,https://www.obd2hq.com/de/news/genesis-new-flagship-suv-could-show-up-this-month,404,dynamicParams=false on active news route; historical slug is not in current news dataset
genesis-new-flagship-suv-could-show-up-this-month,es,https://www.obd2hq.com/es/news/genesis-new-flagship-suv-could-show-up-this-month,404,dynamicParams=false on active news route; historical slug is not in current news dataset
genesis-new-flagship-suv-could-show-up-this-month,tr,https://www.obd2hq.com/tr/news/genesis-new-flagship-suv-could-show-up-this-month,404,dynamicParams=false on active news route; historical slug is not in current news dataset
genesis-new-flagship-suv-could-show-up-this-month,fr,https://www.obd2hq.com/fr/news/genesis-new-flagship-suv-could-show-up-this-month,404,dynamicParams=false on active news route; historical slug is not in current news dataset
genesis-says-theres-room-for-a-smaller-ev,en,https://www.obd2hq.com/en/news/genesis-says-theres-room-for-a-smaller-ev,404,dynamicParams=false on active news route; historical slug is not in current news dataset
genesis-says-theres-room-for-a-smaller-ev,de,https://www.obd2hq.com/de/news/genesis-says-theres-room-for-a-smaller-ev,404,dynamicParams=false on active news route; historical slug is not in current news dataset
genesis-says-theres-room-for-a-smaller-ev,es,https://www.obd2hq.com/es/news/genesis-says-theres-room-for-a-smaller-ev,404,dynamicParams=false on active news route; historical slug is not in current news dataset
genesis-says-theres-room-for-a-smaller-ev,tr,https://www.obd2hq.com/tr/news/genesis-says-theres-room-for-a-smaller-ev,404,dynamicParams=false on active news route; historical slug is not in current news dataset
genesis-says-theres-room-for-a-smaller-ev,fr,https://www.obd2hq.com/fr/news/genesis-says-theres-room-for-a-smaller-ev,404,dynamicParams=false on active news route; historical slug is not in current news dataset
gm-and-china-are-teaming-up-for-another-20-years,en,https://www.obd2hq.com/en/news/gm-and-china-are-teaming-up-for-another-20-years,404,dynamicParams=false on active news route; historical slug is not in current news dataset
gm-and-china-are-teaming-up-for-another-20-years,de,https://www.obd2hq.com/de/news/gm-and-china-are-teaming-up-for-another-20-years,404,dynamicParams=false on active news route; historical slug is not in current news dataset
gm-and-china-are-teaming-up-for-another-20-years,es,https://www.obd2hq.com/es/news/gm-and-china-are-teaming-up-for-another-20-years,404,dynamicParams=false on active news route; historical slug is not in current news dataset
gm-and-china-are-teaming-up-for-another-20-years,tr,https://www.obd2hq.com/tr/news/gm-and-china-are-teaming-up-for-another-20-years,404,dynamicParams=false on active news route; historical slug is not in current news dataset
gm-and-china-are-teaming-up-for-another-20-years,fr,https://www.obd2hq.com/fr/news/gm-and-china-are-teaming-up-for-another-20-years,404,dynamicParams=false on active news route; historical slug is not in current news dataset
gm-is-already-replacing-the-new-chevrolet-equinox,en,https://www.obd2hq.com/en/news/gm-is-already-replacing-the-new-chevrolet-equinox,404,dynamicParams=false on active news route; historical slug is not in current news dataset
gm-is-already-replacing-the-new-chevrolet-equinox,de,https://www.obd2hq.com/de/news/gm-is-already-replacing-the-new-chevrolet-equinox,404,dynamicParams=false on active news route; historical slug is not in current news dataset
gm-is-already-replacing-the-new-chevrolet-equinox,es,https://www.obd2hq.com/es/news/gm-is-already-replacing-the-new-chevrolet-equinox,404,dynamicParams=false on active news route; historical slug is not in current news dataset
gm-is-already-replacing-the-new-chevrolet-equinox,tr,https://www.obd2hq.com/tr/news/gm-is-already-replacing-the-new-chevrolet-equinox,404,dynamicParams=false on active news route; historical slug is not in current news dataset
gm-is-already-replacing-the-new-chevrolet-equinox,fr,https://www.obd2hq.com/fr/news/gm-is-already-replacing-the-new-chevrolet-equinox,404,dynamicParams=false on active news route; historical slug is not in current news dataset
gotcha-toyotas-new-mid-engine-sports-car-possibly,en,https://www.obd2hq.com/en/news/gotcha-toyotas-new-mid-engine-sports-car-possibly,404,dynamicParams=false on active news route; historical slug is not in current news dataset
gotcha-toyotas-new-mid-engine-sports-car-possibly,de,https://www.obd2hq.com/de/news/gotcha-toyotas-new-mid-engine-sports-car-possibly,404,dynamicParams=false on active news route; historical slug is not in current news dataset
gotcha-toyotas-new-mid-engine-sports-car-possibly,es,https://www.obd2hq.com/es/news/gotcha-toyotas-new-mid-engine-sports-car-possibly,404,dynamicParams=false on active news route; historical slug is not in current news dataset
gotcha-toyotas-new-mid-engine-sports-car-possibly,tr,https://www.obd2hq.com/tr/news/gotcha-toyotas-new-mid-engine-sports-car-possibly,404,dynamicParams=false on active news route; historical slug is not in current news dataset
gotcha-toyotas-new-mid-engine-sports-car-possibly,fr,https://www.obd2hq.com/fr/news/gotcha-toyotas-new-mid-engine-sports-car-possibly,404,dynamicParams=false on active news route; historical slug is not in current news dataset
hennessey-revives-the-analog-supercar,en,https://www.obd2hq.com/en/news/hennessey-revives-the-analog-supercar,404,dynamicParams=false on active news route; historical slug is not in current news dataset
hennessey-revives-the-analog-supercar,de,https://www.obd2hq.com/de/news/hennessey-revives-the-analog-supercar,404,dynamicParams=false on active news route; historical slug is not in current news dataset
hennessey-revives-the-analog-supercar,es,https://www.obd2hq.com/es/news/hennessey-revives-the-analog-supercar,404,dynamicParams=false on active news route; historical slug is not in current news dataset
hennessey-revives-the-analog-supercar,tr,https://www.obd2hq.com/tr/news/hennessey-revives-the-analog-supercar,404,dynamicParams=false on active news route; historical slug is not in current news dataset
hennessey-revives-the-analog-supercar,fr,https://www.obd2hq.com/fr/news/hennessey-revives-the-analog-supercar,404,dynamicParams=false on active news route; historical slug is not in current news dataset
hennessey-tells-us-the-craziest-things-its-ever-pu,en,https://www.obd2hq.com/en/news/hennessey-tells-us-the-craziest-things-its-ever-pu,404,dynamicParams=false on active news route; historical slug is not in current news dataset
hennessey-tells-us-the-craziest-things-its-ever-pu,de,https://www.obd2hq.com/de/news/hennessey-tells-us-the-craziest-things-its-ever-pu,404,dynamicParams=false on active news route; historical slug is not in current news dataset
hennessey-tells-us-the-craziest-things-its-ever-pu,es,https://www.obd2hq.com/es/news/hennessey-tells-us-the-craziest-things-its-ever-pu,404,dynamicParams=false on active news route; historical slug is not in current news dataset
hennessey-tells-us-the-craziest-things-its-ever-pu,tr,https://www.obd2hq.com/tr/news/hennessey-tells-us-the-craziest-things-its-ever-pu,404,dynamicParams=false on active news route; historical slug is not in current news dataset
hennessey-tells-us-the-craziest-things-its-ever-pu,fr,https://www.obd2hq.com/fr/news/hennessey-tells-us-the-craziest-things-its-ever-pu,404,dynamicParams=false on active news route; historical slug is not in current news dataset
heres-how-the-volkswagen-group-plans-to-simplify-i,en,https://www.obd2hq.com/en/news/heres-how-the-volkswagen-group-plans-to-simplify-i,404,dynamicParams=false on active news route; historical slug is not in current news dataset
heres-how-the-volkswagen-group-plans-to-simplify-i,de,https://www.obd2hq.com/de/news/heres-how-the-volkswagen-group-plans-to-simplify-i,404,dynamicParams=false on active news route; historical slug is not in current news dataset
heres-how-the-volkswagen-group-plans-to-simplify-i,es,https://www.obd2hq.com/es/news/heres-how-the-volkswagen-group-plans-to-simplify-i,404,dynamicParams=false on active news route; historical slug is not in current news dataset
heres-how-the-volkswagen-group-plans-to-simplify-i,tr,https://www.obd2hq.com/tr/news/heres-how-the-volkswagen-group-plans-to-simplify-i,404,dynamicParams=false on active news route; historical slug is not in current news dataset
heres-how-the-volkswagen-group-plans-to-simplify-i,fr,https://www.obd2hq.com/fr/news/heres-how-the-volkswagen-group-plans-to-simplify-i,404,dynamicParams=false on active news route; historical slug is not in current news dataset
heres-our-best-look-at-the-new-smart-car,en,https://www.obd2hq.com/en/news/heres-our-best-look-at-the-new-smart-car,404,dynamicParams=false on active news route; historical slug is not in current news dataset
heres-our-best-look-at-the-new-smart-car,de,https://www.obd2hq.com/de/news/heres-our-best-look-at-the-new-smart-car,404,dynamicParams=false on active news route; historical slug is not in current news dataset
heres-our-best-look-at-the-new-smart-car,es,https://www.obd2hq.com/es/news/heres-our-best-look-at-the-new-smart-car,404,dynamicParams=false on active news route; historical slug is not in current news dataset
heres-our-best-look-at-the-new-smart-car,tr,https://www.obd2hq.com/tr/news/heres-our-best-look-at-the-new-smart-car,404,dynamicParams=false on active news route; historical slug is not in current news dataset
heres-our-best-look-at-the-new-smart-car,fr,https://www.obd2hq.com/fr/news/heres-our-best-look-at-the-new-smart-car,404,dynamicParams=false on active news route; historical slug is not in current news dataset
honda-civic-si-production-is-endingfor-now,en,https://www.obd2hq.com/en/news/honda-civic-si-production-is-endingfor-now,404,dynamicParams=false on active news route; historical slug is not in current news dataset
honda-civic-si-production-is-endingfor-now,de,https://www.obd2hq.com/de/news/honda-civic-si-production-is-endingfor-now,404,dynamicParams=false on active news route; historical slug is not in current news dataset
honda-civic-si-production-is-endingfor-now,es,https://www.obd2hq.com/es/news/honda-civic-si-production-is-endingfor-now,404,dynamicParams=false on active news route; historical slug is not in current news dataset
honda-civic-si-production-is-endingfor-now,tr,https://www.obd2hq.com/tr/news/honda-civic-si-production-is-endingfor-now,404,dynamicParams=false on active news route; historical slug is not in current news dataset
honda-civic-si-production-is-endingfor-now,fr,https://www.obd2hq.com/fr/news/honda-civic-si-production-is-endingfor-now,404,dynamicParams=false on active news route; historical slug is not in current news dataset
honda-could-resurrect-the-high-riding-accord-cross,en,https://www.obd2hq.com/en/news/honda-could-resurrect-the-high-riding-accord-cross,404,dynamicParams=false on active news route; historical slug is not in current news dataset
honda-could-resurrect-the-high-riding-accord-cross,de,https://www.obd2hq.com/de/news/honda-could-resurrect-the-high-riding-accord-cross,404,dynamicParams=false on active news route; historical slug is not in current news dataset
honda-could-resurrect-the-high-riding-accord-cross,es,https://www.obd2hq.com/es/news/honda-could-resurrect-the-high-riding-accord-cross,404,dynamicParams=false on active news route; historical slug is not in current news dataset
honda-could-resurrect-the-high-riding-accord-cross,tr,https://www.obd2hq.com/tr/news/honda-could-resurrect-the-high-riding-accord-cross,404,dynamicParams=false on active news route; historical slug is not in current news dataset
honda-could-resurrect-the-high-riding-accord-cross,fr,https://www.obd2hq.com/fr/news/honda-could-resurrect-the-high-riding-accord-cross,404,dynamicParams=false on active news route; historical slug is not in current news dataset
honda-pulls-the-plug-on-its-last-ev,en,https://www.obd2hq.com/en/news/honda-pulls-the-plug-on-its-last-ev,404,dynamicParams=false on active news route; historical slug is not in current news dataset
honda-pulls-the-plug-on-its-last-ev,de,https://www.obd2hq.com/de/news/honda-pulls-the-plug-on-its-last-ev,404,dynamicParams=false on active news route; historical slug is not in current news dataset
honda-pulls-the-plug-on-its-last-ev,es,https://www.obd2hq.com/es/news/honda-pulls-the-plug-on-its-last-ev,404,dynamicParams=false on active news route; historical slug is not in current news dataset
honda-pulls-the-plug-on-its-last-ev,tr,https://www.obd2hq.com/tr/news/honda-pulls-the-plug-on-its-last-ev,404,dynamicParams=false on active news route; historical slug is not in current news dataset
honda-pulls-the-plug-on-its-last-ev,fr,https://www.obd2hq.com/fr/news/honda-pulls-the-plug-on-its-last-ev,404,dynamicParams=false on active news route; historical slug is not in current news dataset
hondas-aging-pickup-is-finally-getting-replaced,en,https://www.obd2hq.com/en/news/hondas-aging-pickup-is-finally-getting-replaced,404,dynamicParams=false on active news route; historical slug is not in current news dataset
hondas-aging-pickup-is-finally-getting-replaced,de,https://www.obd2hq.com/de/news/hondas-aging-pickup-is-finally-getting-replaced,404,dynamicParams=false on active news route; historical slug is not in current news dataset
hondas-aging-pickup-is-finally-getting-replaced,es,https://www.obd2hq.com/es/news/hondas-aging-pickup-is-finally-getting-replaced,404,dynamicParams=false on active news route; historical slug is not in current news dataset
hondas-aging-pickup-is-finally-getting-replaced,tr,https://www.obd2hq.com/tr/news/hondas-aging-pickup-is-finally-getting-replaced,404,dynamicParams=false on active news route; historical slug is not in current news dataset
hondas-aging-pickup-is-finally-getting-replaced,fr,https://www.obd2hq.com/fr/news/hondas-aging-pickup-is-finally-getting-replaced,404,dynamicParams=false on active news route; historical slug is not in current news dataset
how-pininfarina-transforms-luxury-interiors,en,https://www.obd2hq.com/en/news/how-pininfarina-transforms-luxury-interiors,404,dynamicParams=false on active news route; historical slug is not in current news dataset
how-pininfarina-transforms-luxury-interiors,de,https://www.obd2hq.com/de/news/how-pininfarina-transforms-luxury-interiors,404,dynamicParams=false on active news route; historical slug is not in current news dataset
how-pininfarina-transforms-luxury-interiors,es,https://www.obd2hq.com/es/news/how-pininfarina-transforms-luxury-interiors,404,dynamicParams=false on active news route; historical slug is not in current news dataset
how-pininfarina-transforms-luxury-interiors,tr,https://www.obd2hq.com/tr/news/how-pininfarina-transforms-luxury-interiors,404,dynamicParams=false on active news route; historical slug is not in current news dataset
how-pininfarina-transforms-luxury-interiors,fr,https://www.obd2hq.com/fr/news/how-pininfarina-transforms-luxury-interiors,404,dynamicParams=false on active news route; historical slug is not in current news dataset
how-renault-outsmarted-cheap-chinese-evs-and-profi,en,https://www.obd2hq.com/en/news/how-renault-outsmarted-cheap-chinese-evs-and-profi,404,dynamicParams=false on active news route; historical slug is not in current news dataset
how-renault-outsmarted-cheap-chinese-evs-and-profi,de,https://www.obd2hq.com/de/news/how-renault-outsmarted-cheap-chinese-evs-and-profi,404,dynamicParams=false on active news route; historical slug is not in current news dataset
how-renault-outsmarted-cheap-chinese-evs-and-profi,es,https://www.obd2hq.com/es/news/how-renault-outsmarted-cheap-chinese-evs-and-profi,404,dynamicParams=false on active news route; historical slug is not in current news dataset
how-renault-outsmarted-cheap-chinese-evs-and-profi,tr,https://www.obd2hq.com/tr/news/how-renault-outsmarted-cheap-chinese-evs-and-profi,404,dynamicParams=false on active news route; historical slug is not in current news dataset
how-renault-outsmarted-cheap-chinese-evs-and-profi,fr,https://www.obd2hq.com/fr/news/how-renault-outsmarted-cheap-chinese-evs-and-profi,404,dynamicParams=false on active news route; historical slug is not in current news dataset
hyundai-had-another-record-sales-month-thanks-to-h,en,https://www.obd2hq.com/en/news/hyundai-had-another-record-sales-month-thanks-to-h,404,dynamicParams=false on active news route; historical slug is not in current news dataset
hyundai-had-another-record-sales-month-thanks-to-h,de,https://www.obd2hq.com/de/news/hyundai-had-another-record-sales-month-thanks-to-h,404,dynamicParams=false on active news route; historical slug is not in current news dataset
hyundai-had-another-record-sales-month-thanks-to-h,es,https://www.obd2hq.com/es/news/hyundai-had-another-record-sales-month-thanks-to-h,404,dynamicParams=false on active news route; historical slug is not in current news dataset
hyundai-had-another-record-sales-month-thanks-to-h,tr,https://www.obd2hq.com/tr/news/hyundai-had-another-record-sales-month-thanks-to-h,404,dynamicParams=false on active news route; historical slug is not in current news dataset
hyundai-had-another-record-sales-month-thanks-to-h,fr,https://www.obd2hq.com/fr/news/hyundai-had-another-record-sales-month-thanks-to-h,404,dynamicParams=false on active news route; historical slug is not in current news dataset
hyundai-needs-to-build-this-baja-santa-fe-for-real,en,https://www.obd2hq.com/en/news/hyundai-needs-to-build-this-baja-santa-fe-for-real,404,dynamicParams=false on active news route; historical slug is not in current news dataset
hyundai-needs-to-build-this-baja-santa-fe-for-real,de,https://www.obd2hq.com/de/news/hyundai-needs-to-build-this-baja-santa-fe-for-real,404,dynamicParams=false on active news route; historical slug is not in current news dataset
hyundai-needs-to-build-this-baja-santa-fe-for-real,es,https://www.obd2hq.com/es/news/hyundai-needs-to-build-this-baja-santa-fe-for-real,404,dynamicParams=false on active news route; historical slug is not in current news dataset
hyundai-needs-to-build-this-baja-santa-fe-for-real,tr,https://www.obd2hq.com/tr/news/hyundai-needs-to-build-this-baja-santa-fe-for-real,404,dynamicParams=false on active news route; historical slug is not in current news dataset
hyundai-needs-to-build-this-baja-santa-fe-for-real,fr,https://www.obd2hq.com/fr/news/hyundai-needs-to-build-this-baja-santa-fe-for-real,404,dynamicParams=false on active news route; historical slug is not in current news dataset
hyundais-spiciest-ev-just-got-a-massive-price-cut,en,https://www.obd2hq.com/en/news/hyundais-spiciest-ev-just-got-a-massive-price-cut,404,dynamicParams=false on active news route; historical slug is not in current news dataset
hyundais-spiciest-ev-just-got-a-massive-price-cut,de,https://www.obd2hq.com/de/news/hyundais-spiciest-ev-just-got-a-massive-price-cut,404,dynamicParams=false on active news route; historical slug is not in current news dataset
hyundais-spiciest-ev-just-got-a-massive-price-cut,es,https://www.obd2hq.com/es/news/hyundais-spiciest-ev-just-got-a-massive-price-cut,404,dynamicParams=false on active news route; historical slug is not in current news dataset
hyundais-spiciest-ev-just-got-a-massive-price-cut,tr,https://www.obd2hq.com/tr/news/hyundais-spiciest-ev-just-got-a-massive-price-cut,404,dynamicParams=false on active news route; historical slug is not in current news dataset
hyundais-spiciest-ev-just-got-a-massive-price-cut,fr,https://www.obd2hq.com/fr/news/hyundais-spiciest-ev-just-got-a-massive-price-cut,404,dynamicParams=false on active news route; historical slug is not in current news dataset
i-saw-the-new-audi-q9-up-close-its-a-brilliant-ful,en,https://www.obd2hq.com/en/news/i-saw-the-new-audi-q9-up-close-its-a-brilliant-ful,404,dynamicParams=false on active news route; historical slug is not in current news dataset
i-saw-the-new-audi-q9-up-close-its-a-brilliant-ful,de,https://www.obd2hq.com/de/news/i-saw-the-new-audi-q9-up-close-its-a-brilliant-ful,404,dynamicParams=false on active news route; historical slug is not in current news dataset
i-saw-the-new-audi-q9-up-close-its-a-brilliant-ful,es,https://www.obd2hq.com/es/news/i-saw-the-new-audi-q9-up-close-its-a-brilliant-ful,404,dynamicParams=false on active news route; historical slug is not in current news dataset
i-saw-the-new-audi-q9-up-close-its-a-brilliant-ful,tr,https://www.obd2hq.com/tr/news/i-saw-the-new-audi-q9-up-close-its-a-brilliant-ful,404,dynamicParams=false on active news route; historical slug is not in current news dataset
i-saw-the-new-audi-q9-up-close-its-a-brilliant-ful,fr,https://www.obd2hq.com/fr/news/i-saw-the-new-audi-q9-up-close-its-a-brilliant-ful,404,dynamicParams=false on active news route; historical slug is not in current news dataset
infiniti-is-delaying-its-600-horsepower-escalade-v,en,https://www.obd2hq.com/en/news/infiniti-is-delaying-its-600-horsepower-escalade-v,404,dynamicParams=false on active news route; historical slug is not in current news dataset
infiniti-is-delaying-its-600-horsepower-escalade-v,de,https://www.obd2hq.com/de/news/infiniti-is-delaying-its-600-horsepower-escalade-v,404,dynamicParams=false on active news route; historical slug is not in current news dataset
infiniti-is-delaying-its-600-horsepower-escalade-v,es,https://www.obd2hq.com/es/news/infiniti-is-delaying-its-600-horsepower-escalade-v,404,dynamicParams=false on active news route; historical slug is not in current news dataset
infiniti-is-delaying-its-600-horsepower-escalade-v,tr,https://www.obd2hq.com/tr/news/infiniti-is-delaying-its-600-horsepower-escalade-v,404,dynamicParams=false on active news route; historical slug is not in current news dataset
infiniti-is-delaying-its-600-horsepower-escalade-v,fr,https://www.obd2hq.com/fr/news/infiniti-is-delaying-its-600-horsepower-escalade-v,404,dynamicParams=false on active news route; historical slug is not in current news dataset
is-mclaren-really-bringing-back-the-manual-gearbox,en,https://www.obd2hq.com/en/news/is-mclaren-really-bringing-back-the-manual-gearbox,404,dynamicParams=false on active news route; historical slug is not in current news dataset
is-mclaren-really-bringing-back-the-manual-gearbox,de,https://www.obd2hq.com/de/news/is-mclaren-really-bringing-back-the-manual-gearbox,404,dynamicParams=false on active news route; historical slug is not in current news dataset
is-mclaren-really-bringing-back-the-manual-gearbox,es,https://www.obd2hq.com/es/news/is-mclaren-really-bringing-back-the-manual-gearbox,404,dynamicParams=false on active news route; historical slug is not in current news dataset
is-mclaren-really-bringing-back-the-manual-gearbox,tr,https://www.obd2hq.com/tr/news/is-mclaren-really-bringing-back-the-manual-gearbox,404,dynamicParams=false on active news route; historical slug is not in current news dataset
is-mclaren-really-bringing-back-the-manual-gearbox,fr,https://www.obd2hq.com/fr/news/is-mclaren-really-bringing-back-the-manual-gearbox,404,dynamicParams=false on active news route; historical slug is not in current news dataset
is-this-the-new-dodge-charger-srt,en,https://www.obd2hq.com/en/news/is-this-the-new-dodge-charger-srt,404,dynamicParams=false on active news route; historical slug is not in current news dataset
is-this-the-new-dodge-charger-srt,de,https://www.obd2hq.com/de/news/is-this-the-new-dodge-charger-srt,404,dynamicParams=false on active news route; historical slug is not in current news dataset
is-this-the-new-dodge-charger-srt,es,https://www.obd2hq.com/es/news/is-this-the-new-dodge-charger-srt,404,dynamicParams=false on active news route; historical slug is not in current news dataset
is-this-the-new-dodge-charger-srt,tr,https://www.obd2hq.com/tr/news/is-this-the-new-dodge-charger-srt,404,dynamicParams=false on active news route; historical slug is not in current news dataset
is-this-the-new-dodge-charger-srt,fr,https://www.obd2hq.com/fr/news/is-this-the-new-dodge-charger-srt,404,dynamicParams=false on active news route; historical slug is not in current news dataset
its-official-a-legendary-honda-tuner-was-bought-by,en,https://www.obd2hq.com/en/news/its-official-a-legendary-honda-tuner-was-bought-by,404,dynamicParams=false on active news route; historical slug is not in current news dataset
its-official-a-legendary-honda-tuner-was-bought-by,de,https://www.obd2hq.com/de/news/its-official-a-legendary-honda-tuner-was-bought-by,404,dynamicParams=false on active news route; historical slug is not in current news dataset
its-official-a-legendary-honda-tuner-was-bought-by,es,https://www.obd2hq.com/es/news/its-official-a-legendary-honda-tuner-was-bought-by,404,dynamicParams=false on active news route; historical slug is not in current news dataset
its-official-a-legendary-honda-tuner-was-bought-by,tr,https://www.obd2hq.com/tr/news/its-official-a-legendary-honda-tuner-was-bought-by,404,dynamicParams=false on active news route; historical slug is not in current news dataset
its-official-a-legendary-honda-tuner-was-bought-by,fr,https://www.obd2hq.com/fr/news/its-official-a-legendary-honda-tuner-was-bought-by,404,dynamicParams=false on active news route; historical slug is not in current news dataset
jeep-and-ram-have-new-bosses,en,https://www.obd2hq.com/en/news/jeep-and-ram-have-new-bosses,404,dynamicParams=false on active news route; historical slug is not in current news dataset
jeep-and-ram-have-new-bosses,de,https://www.obd2hq.com/de/news/jeep-and-ram-have-new-bosses,404,dynamicParams=false on active news route; historical slug is not in current news dataset
jeep-and-ram-have-new-bosses,es,https://www.obd2hq.com/es/news/jeep-and-ram-have-new-bosses,404,dynamicParams=false on active news route; historical slug is not in current news dataset
jeep-and-ram-have-new-bosses,tr,https://www.obd2hq.com/tr/news/jeep-and-ram-have-new-bosses,404,dynamicParams=false on active news route; historical slug is not in current news dataset
jeep-and-ram-have-new-bosses,fr,https://www.obd2hq.com/fr/news/jeep-and-ram-have-new-bosses,404,dynamicParams=false on active news route; historical slug is not in current news dataset
jensens-reborn-sports-car-will-be-just-for-the-tra,en,https://www.obd2hq.com/en/news/jensens-reborn-sports-car-will-be-just-for-the-tra,404,dynamicParams=false on active news route; historical slug is not in current news dataset
jensens-reborn-sports-car-will-be-just-for-the-tra,de,https://www.obd2hq.com/de/news/jensens-reborn-sports-car-will-be-just-for-the-tra,404,dynamicParams=false on active news route; historical slug is not in current news dataset
jensens-reborn-sports-car-will-be-just-for-the-tra,es,https://www.obd2hq.com/es/news/jensens-reborn-sports-car-will-be-just-for-the-tra,404,dynamicParams=false on active news route; historical slug is not in current news dataset
jensens-reborn-sports-car-will-be-just-for-the-tra,tr,https://www.obd2hq.com/tr/news/jensens-reborn-sports-car-will-be-just-for-the-tra,404,dynamicParams=false on active news route; historical slug is not in current news dataset
jensens-reborn-sports-car-will-be-just-for-the-tra,fr,https://www.obd2hq.com/fr/news/jensens-reborn-sports-car-will-be-just-for-the-tra,404,dynamicParams=false on active news route; historical slug is not in current news dataset
jetta-and-taycan-among-10-cars-facing-the-axe-at-v,en,https://www.obd2hq.com/en/news/jetta-and-taycan-among-10-cars-facing-the-axe-at-v,404,dynamicParams=false on active news route; historical slug is not in current news dataset
jetta-and-taycan-among-10-cars-facing-the-axe-at-v,de,https://www.obd2hq.com/de/news/jetta-and-taycan-among-10-cars-facing-the-axe-at-v,404,dynamicParams=false on active news route; historical slug is not in current news dataset
jetta-and-taycan-among-10-cars-facing-the-axe-at-v,es,https://www.obd2hq.com/es/news/jetta-and-taycan-among-10-cars-facing-the-axe-at-v,404,dynamicParams=false on active news route; historical slug is not in current news dataset
jetta-and-taycan-among-10-cars-facing-the-axe-at-v,tr,https://www.obd2hq.com/tr/news/jetta-and-taycan-among-10-cars-facing-the-axe-at-v,404,dynamicParams=false on active news route; historical slug is not in current news dataset
jetta-and-taycan-among-10-cars-facing-the-axe-at-v,fr,https://www.obd2hq.com/fr/news/jetta-and-taycan-among-10-cars-facing-the-axe-at-v,404,dynamicParams=false on active news route; historical slug is not in current news dataset
jlrs-new-north-american-ceo-has-a-lot-of-work-to-d,en,https://www.obd2hq.com/en/news/jlrs-new-north-american-ceo-has-a-lot-of-work-to-d,404,dynamicParams=false on active news route; historical slug is not in current news dataset
jlrs-new-north-american-ceo-has-a-lot-of-work-to-d,de,https://www.obd2hq.com/de/news/jlrs-new-north-american-ceo-has-a-lot-of-work-to-d,404,dynamicParams=false on active news route; historical slug is not in current news dataset
jlrs-new-north-american-ceo-has-a-lot-of-work-to-d,es,https://www.obd2hq.com/es/news/jlrs-new-north-american-ceo-has-a-lot-of-work-to-d,404,dynamicParams=false on active news route; historical slug is not in current news dataset
jlrs-new-north-american-ceo-has-a-lot-of-work-to-d,tr,https://www.obd2hq.com/tr/news/jlrs-new-north-american-ceo-has-a-lot-of-work-to-d,404,dynamicParams=false on active news route; historical slug is not in current news dataset
jlrs-new-north-american-ceo-has-a-lot-of-work-to-d,fr,https://www.obd2hq.com/fr/news/jlrs-new-north-american-ceo-has-a-lot-of-work-to-d,404,dynamicParams=false on active news route; historical slug is not in current news dataset
july-auto-sales-results-winners-and-losers,en,https://www.obd2hq.com/en/news/july-auto-sales-results-winners-and-losers,404,dynamicParams=false on active news route; historical slug is not in current news dataset
july-auto-sales-results-winners-and-losers,de,https://www.obd2hq.com/de/news/july-auto-sales-results-winners-and-losers,404,dynamicParams=false on active news route; historical slug is not in current news dataset
july-auto-sales-results-winners-and-losers,es,https://www.obd2hq.com/es/news/july-auto-sales-results-winners-and-losers,404,dynamicParams=false on active news route; historical slug is not in current news dataset
july-auto-sales-results-winners-and-losers,tr,https://www.obd2hq.com/tr/news/july-auto-sales-results-winners-and-losers,404,dynamicParams=false on active news route; historical slug is not in current news dataset
july-auto-sales-results-winners-and-losers,fr,https://www.obd2hq.com/fr/news/july-auto-sales-results-winners-and-losers,404,dynamicParams=false on active news route; historical slug is not in current news dataset
kia-has-8-models-coming-in-2026-heres-all-of-them,en,https://www.obd2hq.com/en/news/kia-has-8-models-coming-in-2026-heres-all-of-them,404,dynamicParams=false on active news route; historical slug is not in current news dataset
kia-has-8-models-coming-in-2026-heres-all-of-them,de,https://www.obd2hq.com/de/news/kia-has-8-models-coming-in-2026-heres-all-of-them,404,dynamicParams=false on active news route; historical slug is not in current news dataset
kia-has-8-models-coming-in-2026-heres-all-of-them,es,https://www.obd2hq.com/es/news/kia-has-8-models-coming-in-2026-heres-all-of-them,404,dynamicParams=false on active news route; historical slug is not in current news dataset
kia-has-8-models-coming-in-2026-heres-all-of-them,tr,https://www.obd2hq.com/tr/news/kia-has-8-models-coming-in-2026-heres-all-of-them,404,dynamicParams=false on active news route; historical slug is not in current news dataset
kia-has-8-models-coming-in-2026-heres-all-of-them,fr,https://www.obd2hq.com/fr/news/kia-has-8-models-coming-in-2026-heres-all-of-them,404,dynamicParams=false on active news route; historical slug is not in current news dataset
kia-picks-mexico-for-ev3-production,en,https://www.obd2hq.com/en/news/kia-picks-mexico-for-ev3-production,404,dynamicParams=false on active news route; historical slug is not in current news dataset
kia-picks-mexico-for-ev3-production,de,https://www.obd2hq.com/de/news/kia-picks-mexico-for-ev3-production,404,dynamicParams=false on active news route; historical slug is not in current news dataset
kia-picks-mexico-for-ev3-production,es,https://www.obd2hq.com/es/news/kia-picks-mexico-for-ev3-production,404,dynamicParams=false on active news route; historical slug is not in current news dataset
kia-picks-mexico-for-ev3-production,tr,https://www.obd2hq.com/tr/news/kia-picks-mexico-for-ev3-production,404,dynamicParams=false on active news route; historical slug is not in current news dataset
kia-picks-mexico-for-ev3-production,fr,https://www.obd2hq.com/fr/news/kia-picks-mexico-for-ev3-production,404,dynamicParams=false on active news route; historical slug is not in current news dataset
kia-recalls-463000-suvs-a-second-time-for-seat-mot,en,https://www.obd2hq.com/en/news/kia-recalls-463000-suvs-a-second-time-for-seat-mot,404,dynamicParams=false on active news route; historical slug is not in current news dataset
kia-recalls-463000-suvs-a-second-time-for-seat-mot,de,https://www.obd2hq.com/de/news/kia-recalls-463000-suvs-a-second-time-for-seat-mot,404,dynamicParams=false on active news route; historical slug is not in current news dataset
kia-recalls-463000-suvs-a-second-time-for-seat-mot,es,https://www.obd2hq.com/es/news/kia-recalls-463000-suvs-a-second-time-for-seat-mot,404,dynamicParams=false on active news route; historical slug is not in current news dataset
kia-recalls-463000-suvs-a-second-time-for-seat-mot,tr,https://www.obd2hq.com/tr/news/kia-recalls-463000-suvs-a-second-time-for-seat-mot,404,dynamicParams=false on active news route; historical slug is not in current news dataset
kia-recalls-463000-suvs-a-second-time-for-seat-mot,fr,https://www.obd2hq.com/fr/news/kia-recalls-463000-suvs-a-second-time-for-seat-mot,404,dynamicParams=false on active news route; historical slug is not in current news dataset
lamborghini-honors-a-legendary-supercar-with-some,en,https://www.obd2hq.com/en/news/lamborghini-honors-a-legendary-supercar-with-some,404,dynamicParams=false on active news route; historical slug is not in current news dataset
lamborghini-honors-a-legendary-supercar-with-some,de,https://www.obd2hq.com/de/news/lamborghini-honors-a-legendary-supercar-with-some,404,dynamicParams=false on active news route; historical slug is not in current news dataset
lamborghini-honors-a-legendary-supercar-with-some,es,https://www.obd2hq.com/es/news/lamborghini-honors-a-legendary-supercar-with-some,404,dynamicParams=false on active news route; historical slug is not in current news dataset
lamborghini-honors-a-legendary-supercar-with-some,tr,https://www.obd2hq.com/tr/news/lamborghini-honors-a-legendary-supercar-with-some,404,dynamicParams=false on active news route; historical slug is not in current news dataset
lamborghini-honors-a-legendary-supercar-with-some,fr,https://www.obd2hq.com/fr/news/lamborghini-honors-a-legendary-supercar-with-some,404,dynamicParams=false on active news route; historical slug is not in current news dataset
lamborghini-revuelto-sv-is-setting-records-even-be,en,https://www.obd2hq.com/en/news/lamborghini-revuelto-sv-is-setting-records-even-be,404,dynamicParams=false on active news route; historical slug is not in current news dataset
lamborghini-revuelto-sv-is-setting-records-even-be,de,https://www.obd2hq.com/de/news/lamborghini-revuelto-sv-is-setting-records-even-be,404,dynamicParams=false on active news route; historical slug is not in current news dataset
lamborghini-revuelto-sv-is-setting-records-even-be,es,https://www.obd2hq.com/es/news/lamborghini-revuelto-sv-is-setting-records-even-be,404,dynamicParams=false on active news route; historical slug is not in current news dataset
lamborghini-revuelto-sv-is-setting-records-even-be,tr,https://www.obd2hq.com/tr/news/lamborghini-revuelto-sv-is-setting-records-even-be,404,dynamicParams=false on active news route; historical slug is not in current news dataset
lamborghini-revuelto-sv-is-setting-records-even-be,fr,https://www.obd2hq.com/fr/news/lamborghini-revuelto-sv-is-setting-records-even-be,404,dynamicParams=false on active news route; historical slug is not in current news dataset
lamborghini-revuelto-sv-spied-with-license-plate-d,en,https://www.obd2hq.com/en/news/lamborghini-revuelto-sv-spied-with-license-plate-d,404,dynamicParams=false on active news route; historical slug is not in current news dataset
lamborghini-revuelto-sv-spied-with-license-plate-d,de,https://www.obd2hq.com/de/news/lamborghini-revuelto-sv-spied-with-license-plate-d,404,dynamicParams=false on active news route; historical slug is not in current news dataset
lamborghini-revuelto-sv-spied-with-license-plate-d,es,https://www.obd2hq.com/es/news/lamborghini-revuelto-sv-spied-with-license-plate-d,404,dynamicParams=false on active news route; historical slug is not in current news dataset
lamborghini-revuelto-sv-spied-with-license-plate-d,tr,https://www.obd2hq.com/tr/news/lamborghini-revuelto-sv-spied-with-license-plate-d,404,dynamicParams=false on active news route; historical slug is not in current news dataset
lamborghini-revuelto-sv-spied-with-license-plate-d,fr,https://www.obd2hq.com/fr/news/lamborghini-revuelto-sv-spied-with-license-plate-d,404,dynamicParams=false on active news route; historical slug is not in current news dataset
lamborghini-wont-follow-ferrari-with-simulated-man,en,https://www.obd2hq.com/en/news/lamborghini-wont-follow-ferrari-with-simulated-man,404,dynamicParams=false on active news route; historical slug is not in current news dataset
lamborghini-wont-follow-ferrari-with-simulated-man,de,https://www.obd2hq.com/de/news/lamborghini-wont-follow-ferrari-with-simulated-man,404,dynamicParams=false on active news route; historical slug is not in current news dataset
lamborghini-wont-follow-ferrari-with-simulated-man,es,https://www.obd2hq.com/es/news/lamborghini-wont-follow-ferrari-with-simulated-man,404,dynamicParams=false on active news route; historical slug is not in current news dataset
lamborghini-wont-follow-ferrari-with-simulated-man,tr,https://www.obd2hq.com/tr/news/lamborghini-wont-follow-ferrari-with-simulated-man,404,dynamicParams=false on active news route; historical slug is not in current news dataset
lamborghini-wont-follow-ferrari-with-simulated-man,fr,https://www.obd2hq.com/fr/news/lamborghini-wont-follow-ferrari-with-simulated-man,404,dynamicParams=false on active news route; historical slug is not in current news dataset
lexus-has-the-happiest-dealers-in-america-infiniti,en,https://www.obd2hq.com/en/news/lexus-has-the-happiest-dealers-in-america-infiniti,404,dynamicParams=false on active news route; historical slug is not in current news dataset
lexus-has-the-happiest-dealers-in-america-infiniti,de,https://www.obd2hq.com/de/news/lexus-has-the-happiest-dealers-in-america-infiniti,404,dynamicParams=false on active news route; historical slug is not in current news dataset
lexus-has-the-happiest-dealers-in-america-infiniti,es,https://www.obd2hq.com/es/news/lexus-has-the-happiest-dealers-in-america-infiniti,404,dynamicParams=false on active news route; historical slug is not in current news dataset
lexus-has-the-happiest-dealers-in-america-infiniti,tr,https://www.obd2hq.com/tr/news/lexus-has-the-happiest-dealers-in-america-infiniti,404,dynamicParams=false on active news route; historical slug is not in current news dataset
lexus-has-the-happiest-dealers-in-america-infiniti,fr,https://www.obd2hq.com/fr/news/lexus-has-the-happiest-dealers-in-america-infiniti,404,dynamicParams=false on active news route; historical slug is not in current news dataset
listen-to-fords-new-race-car-fire-up-for-the-first,en,https://www.obd2hq.com/en/news/listen-to-fords-new-race-car-fire-up-for-the-first,404,dynamicParams=false on active news route; historical slug is not in current news dataset
listen-to-fords-new-race-car-fire-up-for-the-first,de,https://www.obd2hq.com/de/news/listen-to-fords-new-race-car-fire-up-for-the-first,404,dynamicParams=false on active news route; historical slug is not in current news dataset
listen-to-fords-new-race-car-fire-up-for-the-first,es,https://www.obd2hq.com/es/news/listen-to-fords-new-race-car-fire-up-for-the-first,404,dynamicParams=false on active news route; historical slug is not in current news dataset
listen-to-fords-new-race-car-fire-up-for-the-first,tr,https://www.obd2hq.com/tr/news/listen-to-fords-new-race-car-fire-up-for-the-first,404,dynamicParams=false on active news route; historical slug is not in current news dataset
listen-to-fords-new-race-car-fire-up-for-the-first,fr,https://www.obd2hq.com/fr/news/listen-to-fords-new-race-car-fire-up-for-the-first,404,dynamicParams=false on active news route; historical slug is not in current news dataset
listen-to-this-new-1070-hp-v12-come-to-life,en,https://www.obd2hq.com/en/news/listen-to-this-new-1070-hp-v12-come-to-life,404,dynamicParams=false on active news route; historical slug is not in current news dataset
listen-to-this-new-1070-hp-v12-come-to-life,de,https://www.obd2hq.com/de/news/listen-to-this-new-1070-hp-v12-come-to-life,404,dynamicParams=false on active news route; historical slug is not in current news dataset
listen-to-this-new-1070-hp-v12-come-to-life,es,https://www.obd2hq.com/es/news/listen-to-this-new-1070-hp-v12-come-to-life,404,dynamicParams=false on active news route; historical slug is not in current news dataset
listen-to-this-new-1070-hp-v12-come-to-life,tr,https://www.obd2hq.com/tr/news/listen-to-this-new-1070-hp-v12-come-to-life,404,dynamicParams=false on active news route; historical slug is not in current news dataset
listen-to-this-new-1070-hp-v12-come-to-life,fr,https://www.obd2hq.com/fr/news/listen-to-this-new-1070-hp-v12-come-to-life,404,dynamicParams=false on active news route; historical slug is not in current news dataset
lotus-explains-why-it-didnt-bring-its-electric-suv,en,https://www.obd2hq.com/en/news/lotus-explains-why-it-didnt-bring-its-electric-suv,404,dynamicParams=false on active news route; historical slug is not in current news dataset
lotus-explains-why-it-didnt-bring-its-electric-suv,de,https://www.obd2hq.com/de/news/lotus-explains-why-it-didnt-bring-its-electric-suv,404,dynamicParams=false on active news route; historical slug is not in current news dataset
lotus-explains-why-it-didnt-bring-its-electric-suv,es,https://www.obd2hq.com/es/news/lotus-explains-why-it-didnt-bring-its-electric-suv,404,dynamicParams=false on active news route; historical slug is not in current news dataset
lotus-explains-why-it-didnt-bring-its-electric-suv,tr,https://www.obd2hq.com/tr/news/lotus-explains-why-it-didnt-bring-its-electric-suv,404,dynamicParams=false on active news route; historical slug is not in current news dataset
lotus-explains-why-it-didnt-bring-its-electric-suv,fr,https://www.obd2hq.com/fr/news/lotus-explains-why-it-didnt-bring-its-electric-suv,404,dynamicParams=false on active news route; historical slug is not in current news dataset
lucid-delays-its-tesla-model-y-rival-to-avoid-mist,en,https://www.obd2hq.com/en/news/lucid-delays-its-tesla-model-y-rival-to-avoid-mist,404,dynamicParams=false on active news route; historical slug is not in current news dataset
lucid-delays-its-tesla-model-y-rival-to-avoid-mist,de,https://www.obd2hq.com/de/news/lucid-delays-its-tesla-model-y-rival-to-avoid-mist,404,dynamicParams=false on active news route; historical slug is not in current news dataset
lucid-delays-its-tesla-model-y-rival-to-avoid-mist,es,https://www.obd2hq.com/es/news/lucid-delays-its-tesla-model-y-rival-to-avoid-mist,404,dynamicParams=false on active news route; historical slug is not in current news dataset
lucid-delays-its-tesla-model-y-rival-to-avoid-mist,tr,https://www.obd2hq.com/tr/news/lucid-delays-its-tesla-model-y-rival-to-avoid-mist,404,dynamicParams=false on active news route; historical slug is not in current news dataset
lucid-delays-its-tesla-model-y-rival-to-avoid-mist,fr,https://www.obd2hq.com/fr/news/lucid-delays-its-tesla-model-y-rival-to-avoid-mist,404,dynamicParams=false on active news route; historical slug is not in current news dataset
mazda-ceo-says-the-miata-could-go-electriceventual,en,https://www.obd2hq.com/en/news/mazda-ceo-says-the-miata-could-go-electriceventual,404,dynamicParams=false on active news route; historical slug is not in current news dataset
mazda-ceo-says-the-miata-could-go-electriceventual,de,https://www.obd2hq.com/de/news/mazda-ceo-says-the-miata-could-go-electriceventual,404,dynamicParams=false on active news route; historical slug is not in current news dataset
mazda-ceo-says-the-miata-could-go-electriceventual,es,https://www.obd2hq.com/es/news/mazda-ceo-says-the-miata-could-go-electriceventual,404,dynamicParams=false on active news route; historical slug is not in current news dataset
mazda-ceo-says-the-miata-could-go-electriceventual,tr,https://www.obd2hq.com/tr/news/mazda-ceo-says-the-miata-could-go-electriceventual,404,dynamicParams=false on active news route; historical slug is not in current news dataset
mazda-ceo-says-the-miata-could-go-electriceventual,fr,https://www.obd2hq.com/fr/news/mazda-ceo-says-the-miata-could-go-electriceventual,404,dynamicParams=false on active news route; historical slug is not in current news dataset
mazdas-smallest-suv-is-back-this-is-the-first-teas,en,https://www.obd2hq.com/en/news/mazdas-smallest-suv-is-back-this-is-the-first-teas,404,dynamicParams=false on active news route; historical slug is not in current news dataset
mazdas-smallest-suv-is-back-this-is-the-first-teas,de,https://www.obd2hq.com/de/news/mazdas-smallest-suv-is-back-this-is-the-first-teas,404,dynamicParams=false on active news route; historical slug is not in current news dataset
mazdas-smallest-suv-is-back-this-is-the-first-teas,es,https://www.obd2hq.com/es/news/mazdas-smallest-suv-is-back-this-is-the-first-teas,404,dynamicParams=false on active news route; historical slug is not in current news dataset
mazdas-smallest-suv-is-back-this-is-the-first-teas,tr,https://www.obd2hq.com/tr/news/mazdas-smallest-suv-is-back-this-is-the-first-teas,404,dynamicParams=false on active news route; historical slug is not in current news dataset
mazdas-smallest-suv-is-back-this-is-the-first-teas,fr,https://www.obd2hq.com/fr/news/mazdas-smallest-suv-is-back-this-is-the-first-teas,404,dynamicParams=false on active news route; historical slug is not in current news dataset
mercedes-admits-it-went-too-far-removing-buttons-b,en,https://www.obd2hq.com/en/news/mercedes-admits-it-went-too-far-removing-buttons-b,404,dynamicParams=false on active news route; historical slug is not in current news dataset
mercedes-admits-it-went-too-far-removing-buttons-b,de,https://www.obd2hq.com/de/news/mercedes-admits-it-went-too-far-removing-buttons-b,404,dynamicParams=false on active news route; historical slug is not in current news dataset
mercedes-admits-it-went-too-far-removing-buttons-b,es,https://www.obd2hq.com/es/news/mercedes-admits-it-went-too-far-removing-buttons-b,404,dynamicParams=false on active news route; historical slug is not in current news dataset
mercedes-admits-it-went-too-far-removing-buttons-b,tr,https://www.obd2hq.com/tr/news/mercedes-admits-it-went-too-far-removing-buttons-b,404,dynamicParams=false on active news route; historical slug is not in current news dataset
mercedes-admits-it-went-too-far-removing-buttons-b,fr,https://www.obd2hq.com/fr/news/mercedes-admits-it-went-too-far-removing-buttons-b,404,dynamicParams=false on active news route; historical slug is not in current news dataset
mercedes-amg-a45-s-final-edition-says-auf-wiederse,en,https://www.obd2hq.com/en/news/mercedes-amg-a45-s-final-edition-says-auf-wiederse,404,dynamicParams=false on active news route; historical slug is not in current news dataset
mercedes-amg-a45-s-final-edition-says-auf-wiederse,de,https://www.obd2hq.com/de/news/mercedes-amg-a45-s-final-edition-says-auf-wiederse,404,dynamicParams=false on active news route; historical slug is not in current news dataset
mercedes-amg-a45-s-final-edition-says-auf-wiederse,es,https://www.obd2hq.com/es/news/mercedes-amg-a45-s-final-edition-says-auf-wiederse,404,dynamicParams=false on active news route; historical slug is not in current news dataset
mercedes-amg-a45-s-final-edition-says-auf-wiederse,tr,https://www.obd2hq.com/tr/news/mercedes-amg-a45-s-final-edition-says-auf-wiederse,404,dynamicParams=false on active news route; historical slug is not in current news dataset
mercedes-amg-a45-s-final-edition-says-auf-wiederse,fr,https://www.obd2hq.com/fr/news/mercedes-amg-a45-s-final-edition-says-auf-wiederse,404,dynamicParams=false on active news route; historical slug is not in current news dataset
mercedes-amgs-electric-gt-53-4-door-coupe-has-auth,en,https://www.obd2hq.com/en/news/mercedes-amgs-electric-gt-53-4-door-coupe-has-auth,404,dynamicParams=false on active news route; historical slug is not in current news dataset
mercedes-amgs-electric-gt-53-4-door-coupe-has-auth,de,https://www.obd2hq.com/de/news/mercedes-amgs-electric-gt-53-4-door-coupe-has-auth,404,dynamicParams=false on active news route; historical slug is not in current news dataset
mercedes-amgs-electric-gt-53-4-door-coupe-has-auth,es,https://www.obd2hq.com/es/news/mercedes-amgs-electric-gt-53-4-door-coupe-has-auth,404,dynamicParams=false on active news route; historical slug is not in current news dataset
mercedes-amgs-electric-gt-53-4-door-coupe-has-auth,tr,https://www.obd2hq.com/tr/news/mercedes-amgs-electric-gt-53-4-door-coupe-has-auth,404,dynamicParams=false on active news route; historical slug is not in current news dataset
mercedes-amgs-electric-gt-53-4-door-coupe-has-auth,fr,https://www.obd2hq.com/fr/news/mercedes-amgs-electric-gt-53-4-door-coupe-has-auth,404,dynamicParams=false on active news route; historical slug is not in current news dataset
mercedes-amgs-new-sedan-just-claimed-a-nrburgring,en,https://www.obd2hq.com/en/news/mercedes-amgs-new-sedan-just-claimed-a-nrburgring,404,dynamicParams=false on active news route; historical slug is not in current news dataset
mercedes-amgs-new-sedan-just-claimed-a-nrburgring,de,https://www.obd2hq.com/de/news/mercedes-amgs-new-sedan-just-claimed-a-nrburgring,404,dynamicParams=false on active news route; historical slug is not in current news dataset
mercedes-amgs-new-sedan-just-claimed-a-nrburgring,es,https://www.obd2hq.com/es/news/mercedes-amgs-new-sedan-just-claimed-a-nrburgring,404,dynamicParams=false on active news route; historical slug is not in current news dataset
mercedes-amgs-new-sedan-just-claimed-a-nrburgring,tr,https://www.obd2hq.com/tr/news/mercedes-amgs-new-sedan-just-claimed-a-nrburgring,404,dynamicParams=false on active news route; historical slug is not in current news dataset
mercedes-amgs-new-sedan-just-claimed-a-nrburgring,fr,https://www.obd2hq.com/fr/news/mercedes-amgs-new-sedan-just-claimed-a-nrburgring,404,dynamicParams=false on active news route; historical slug is not in current news dataset
mercedes-camouflage-on-the-new-amg-g63-cabriolet-i,en,https://www.obd2hq.com/en/news/mercedes-camouflage-on-the-new-amg-g63-cabriolet-i,404,dynamicParams=false on active news route; historical slug is not in current news dataset
mercedes-camouflage-on-the-new-amg-g63-cabriolet-i,de,https://www.obd2hq.com/de/news/mercedes-camouflage-on-the-new-amg-g63-cabriolet-i,404,dynamicParams=false on active news route; historical slug is not in current news dataset
mercedes-camouflage-on-the-new-amg-g63-cabriolet-i,es,https://www.obd2hq.com/es/news/mercedes-camouflage-on-the-new-amg-g63-cabriolet-i,404,dynamicParams=false on active news route; historical slug is not in current news dataset
mercedes-camouflage-on-the-new-amg-g63-cabriolet-i,tr,https://www.obd2hq.com/tr/news/mercedes-camouflage-on-the-new-amg-g63-cabriolet-i,404,dynamicParams=false on active news route; historical slug is not in current news dataset
mercedes-camouflage-on-the-new-amg-g63-cabriolet-i,fr,https://www.obd2hq.com/fr/news/mercedes-camouflage-on-the-new-amg-g63-cabriolet-i,404,dynamicParams=false on active news route; historical slug is not in current news dataset
mercedes-had-the-nurburgring-all-to-itself-for-wil,en,https://www.obd2hq.com/en/news/mercedes-had-the-nurburgring-all-to-itself-for-wil,404,dynamicParams=false on active news route; historical slug is not in current news dataset
mercedes-had-the-nurburgring-all-to-itself-for-wil,de,https://www.obd2hq.com/de/news/mercedes-had-the-nurburgring-all-to-itself-for-wil,404,dynamicParams=false on active news route; historical slug is not in current news dataset
mercedes-had-the-nurburgring-all-to-itself-for-wil,es,https://www.obd2hq.com/es/news/mercedes-had-the-nurburgring-all-to-itself-for-wil,404,dynamicParams=false on active news route; historical slug is not in current news dataset
mercedes-had-the-nurburgring-all-to-itself-for-wil,tr,https://www.obd2hq.com/tr/news/mercedes-had-the-nurburgring-all-to-itself-for-wil,404,dynamicParams=false on active news route; historical slug is not in current news dataset
mercedes-had-the-nurburgring-all-to-itself-for-wil,fr,https://www.obd2hq.com/fr/news/mercedes-had-the-nurburgring-all-to-itself-for-wil,404,dynamicParams=false on active news route; historical slug is not in current news dataset
mercedes-recalls-311000-cars-for-rollaway-risk,en,https://www.obd2hq.com/en/news/mercedes-recalls-311000-cars-for-rollaway-risk,404,dynamicParams=false on active news route; historical slug is not in current news dataset
mercedes-recalls-311000-cars-for-rollaway-risk,de,https://www.obd2hq.com/de/news/mercedes-recalls-311000-cars-for-rollaway-risk,404,dynamicParams=false on active news route; historical slug is not in current news dataset
mercedes-recalls-311000-cars-for-rollaway-risk,es,https://www.obd2hq.com/es/news/mercedes-recalls-311000-cars-for-rollaway-risk,404,dynamicParams=false on active news route; historical slug is not in current news dataset
mercedes-recalls-311000-cars-for-rollaway-risk,tr,https://www.obd2hq.com/tr/news/mercedes-recalls-311000-cars-for-rollaway-risk,404,dynamicParams=false on active news route; historical slug is not in current news dataset
mercedes-recalls-311000-cars-for-rollaway-risk,fr,https://www.obd2hq.com/fr/news/mercedes-recalls-311000-cars-for-rollaway-risk,404,dynamicParams=false on active news route; historical slug is not in current news dataset
mercedes-reinvents-its-smallest-suv-for-the-ev-era,en,https://www.obd2hq.com/en/news/mercedes-reinvents-its-smallest-suv-for-the-ev-era,404,dynamicParams=false on active news route; historical slug is not in current news dataset
mercedes-reinvents-its-smallest-suv-for-the-ev-era,de,https://www.obd2hq.com/de/news/mercedes-reinvents-its-smallest-suv-for-the-ev-era,404,dynamicParams=false on active news route; historical slug is not in current news dataset
mercedes-reinvents-its-smallest-suv-for-the-ev-era,es,https://www.obd2hq.com/es/news/mercedes-reinvents-its-smallest-suv-for-the-ev-era,404,dynamicParams=false on active news route; historical slug is not in current news dataset
mercedes-reinvents-its-smallest-suv-for-the-ev-era,tr,https://www.obd2hq.com/tr/news/mercedes-reinvents-its-smallest-suv-for-the-ev-era,404,dynamicParams=false on active news route; historical slug is not in current news dataset
mercedes-reinvents-its-smallest-suv-for-the-ev-era,fr,https://www.obd2hq.com/fr/news/mercedes-reinvents-its-smallest-suv-for-the-ev-era,404,dynamicParams=false on active news route; historical slug is not in current news dataset
mini-is-testing-its-most-off-road-capable-suv-yet,en,https://www.obd2hq.com/en/news/mini-is-testing-its-most-off-road-capable-suv-yet,404,dynamicParams=false on active news route; historical slug is not in current news dataset
mini-is-testing-its-most-off-road-capable-suv-yet,de,https://www.obd2hq.com/de/news/mini-is-testing-its-most-off-road-capable-suv-yet,404,dynamicParams=false on active news route; historical slug is not in current news dataset
mini-is-testing-its-most-off-road-capable-suv-yet,es,https://www.obd2hq.com/es/news/mini-is-testing-its-most-off-road-capable-suv-yet,404,dynamicParams=false on active news route; historical slug is not in current news dataset
mini-is-testing-its-most-off-road-capable-suv-yet,tr,https://www.obd2hq.com/tr/news/mini-is-testing-its-most-off-road-capable-suv-yet,404,dynamicParams=false on active news route; historical slug is not in current news dataset
mini-is-testing-its-most-off-road-capable-suv-yet,fr,https://www.obd2hq.com/fr/news/mini-is-testing-its-most-off-road-capable-suv-yet,404,dynamicParams=false on active news route; historical slug is not in current news dataset
mitsubishi-goes-under-the-new-pajero-to-show-its-t,en,https://www.obd2hq.com/en/news/mitsubishi-goes-under-the-new-pajero-to-show-its-t,404,dynamicParams=false on active news route; historical slug is not in current news dataset
mitsubishi-goes-under-the-new-pajero-to-show-its-t,de,https://www.obd2hq.com/de/news/mitsubishi-goes-under-the-new-pajero-to-show-its-t,404,dynamicParams=false on active news route; historical slug is not in current news dataset
mitsubishi-goes-under-the-new-pajero-to-show-its-t,es,https://www.obd2hq.com/es/news/mitsubishi-goes-under-the-new-pajero-to-show-its-t,404,dynamicParams=false on active news route; historical slug is not in current news dataset
mitsubishi-goes-under-the-new-pajero-to-show-its-t,tr,https://www.obd2hq.com/tr/news/mitsubishi-goes-under-the-new-pajero-to-show-its-t,404,dynamicParams=false on active news route; historical slug is not in current news dataset
mitsubishi-goes-under-the-new-pajero-to-show-its-t,fr,https://www.obd2hq.com/fr/news/mitsubishi-goes-under-the-new-pajero-to-show-its-t,404,dynamicParams=false on active news route; historical slug is not in current news dataset
morgans-best-performance-car-is-coming-to-america-,en,https://www.obd2hq.com/en/news/morgans-best-performance-car-is-coming-to-america-,404,dynamicParams=false on active news route; historical slug is not in current news dataset
morgans-best-performance-car-is-coming-to-america-,de,https://www.obd2hq.com/de/news/morgans-best-performance-car-is-coming-to-america-,404,dynamicParams=false on active news route; historical slug is not in current news dataset
morgans-best-performance-car-is-coming-to-america-,es,https://www.obd2hq.com/es/news/morgans-best-performance-car-is-coming-to-america-,404,dynamicParams=false on active news route; historical slug is not in current news dataset
morgans-best-performance-car-is-coming-to-america-,tr,https://www.obd2hq.com/tr/news/morgans-best-performance-car-is-coming-to-america-,404,dynamicParams=false on active news route; historical slug is not in current news dataset
morgans-best-performance-car-is-coming-to-america-,fr,https://www.obd2hq.com/fr/news/morgans-best-performance-car-is-coming-to-america-,404,dynamicParams=false on active news route; historical slug is not in current news dataset
need-for-speed-franchise-may-be-on-life-support,en,https://www.obd2hq.com/en/news/need-for-speed-franchise-may-be-on-life-support,404,dynamicParams=false on active news route; historical slug is not in current news dataset
need-for-speed-franchise-may-be-on-life-support,de,https://www.obd2hq.com/de/news/need-for-speed-franchise-may-be-on-life-support,404,dynamicParams=false on active news route; historical slug is not in current news dataset
need-for-speed-franchise-may-be-on-life-support,es,https://www.obd2hq.com/es/news/need-for-speed-franchise-may-be-on-life-support,404,dynamicParams=false on active news route; historical slug is not in current news dataset
need-for-speed-franchise-may-be-on-life-support,tr,https://www.obd2hq.com/tr/news/need-for-speed-franchise-may-be-on-life-support,404,dynamicParams=false on active news route; historical slug is not in current news dataset
need-for-speed-franchise-may-be-on-life-support,fr,https://www.obd2hq.com/fr/news/need-for-speed-franchise-may-be-on-life-support,404,dynamicParams=false on active news route; historical slug is not in current news dataset
new-hyundai-tucson-suv-spied-with-a-bold-redesign,en,https://www.obd2hq.com/en/news/new-hyundai-tucson-suv-spied-with-a-bold-redesign,404,dynamicParams=false on active news route; historical slug is not in current news dataset
new-hyundai-tucson-suv-spied-with-a-bold-redesign,de,https://www.obd2hq.com/de/news/new-hyundai-tucson-suv-spied-with-a-bold-redesign,404,dynamicParams=false on active news route; historical slug is not in current news dataset
new-hyundai-tucson-suv-spied-with-a-bold-redesign,es,https://www.obd2hq.com/es/news/new-hyundai-tucson-suv-spied-with-a-bold-redesign,404,dynamicParams=false on active news route; historical slug is not in current news dataset
new-hyundai-tucson-suv-spied-with-a-bold-redesign,tr,https://www.obd2hq.com/tr/news/new-hyundai-tucson-suv-spied-with-a-bold-redesign,404,dynamicParams=false on active news route; historical slug is not in current news dataset
new-hyundai-tucson-suv-spied-with-a-bold-redesign,fr,https://www.obd2hq.com/fr/news/new-hyundai-tucson-suv-spied-with-a-bold-redesign,404,dynamicParams=false on active news route; historical slug is not in current news dataset
nissan-debuts-a-luxurious-new-minivan-you-cant-hav,en,https://www.obd2hq.com/en/news/nissan-debuts-a-luxurious-new-minivan-you-cant-hav,404,dynamicParams=false on active news route; historical slug is not in current news dataset
nissan-debuts-a-luxurious-new-minivan-you-cant-hav,de,https://www.obd2hq.com/de/news/nissan-debuts-a-luxurious-new-minivan-you-cant-hav,404,dynamicParams=false on active news route; historical slug is not in current news dataset
nissan-debuts-a-luxurious-new-minivan-you-cant-hav,es,https://www.obd2hq.com/es/news/nissan-debuts-a-luxurious-new-minivan-you-cant-hav,404,dynamicParams=false on active news route; historical slug is not in current news dataset
nissan-debuts-a-luxurious-new-minivan-you-cant-hav,tr,https://www.obd2hq.com/tr/news/nissan-debuts-a-luxurious-new-minivan-you-cant-hav,404,dynamicParams=false on active news route; historical slug is not in current news dataset
nissan-debuts-a-luxurious-new-minivan-you-cant-hav,fr,https://www.obd2hq.com/fr/news/nissan-debuts-a-luxurious-new-minivan-you-cant-hav,404,dynamicParams=false on active news route; historical slug is not in current news dataset
nissan-qashqai-e-power-sets-world-record-on-a-sing,en,https://www.obd2hq.com/en/news/nissan-qashqai-e-power-sets-world-record-on-a-sing,404,dynamicParams=false on active news route; historical slug is not in current news dataset
nissan-qashqai-e-power-sets-world-record-on-a-sing,de,https://www.obd2hq.com/de/news/nissan-qashqai-e-power-sets-world-record-on-a-sing,404,dynamicParams=false on active news route; historical slug is not in current news dataset
nissan-qashqai-e-power-sets-world-record-on-a-sing,es,https://www.obd2hq.com/es/news/nissan-qashqai-e-power-sets-world-record-on-a-sing,404,dynamicParams=false on active news route; historical slug is not in current news dataset
nissan-qashqai-e-power-sets-world-record-on-a-sing,tr,https://www.obd2hq.com/tr/news/nissan-qashqai-e-power-sets-world-record-on-a-sing,404,dynamicParams=false on active news route; historical slug is not in current news dataset
nissan-qashqai-e-power-sets-world-record-on-a-sing,fr,https://www.obd2hq.com/fr/news/nissan-qashqai-e-power-sets-world-record-on-a-sing,404,dynamicParams=false on active news route; historical slug is not in current news dataset
nissan-warns-it-must-launch-new-cars-faster-or-we,en,https://www.obd2hq.com/en/news/nissan-warns-it-must-launch-new-cars-faster-or-we,404,dynamicParams=false on active news route; historical slug is not in current news dataset
nissan-warns-it-must-launch-new-cars-faster-or-we,de,https://www.obd2hq.com/de/news/nissan-warns-it-must-launch-new-cars-faster-or-we,404,dynamicParams=false on active news route; historical slug is not in current news dataset
nissan-warns-it-must-launch-new-cars-faster-or-we,es,https://www.obd2hq.com/es/news/nissan-warns-it-must-launch-new-cars-faster-or-we,404,dynamicParams=false on active news route; historical slug is not in current news dataset
nissan-warns-it-must-launch-new-cars-faster-or-we,tr,https://www.obd2hq.com/tr/news/nissan-warns-it-must-launch-new-cars-faster-or-we,404,dynamicParams=false on active news route; historical slug is not in current news dataset
nissan-warns-it-must-launch-new-cars-faster-or-we,fr,https://www.obd2hq.com/fr/news/nissan-warns-it-must-launch-new-cars-faster-or-we,404,dynamicParams=false on active news route; historical slug is not in current news dataset
nissans-us-turnaround-production-soars-24tariff-hi,en,https://www.obd2hq.com/en/news/nissans-us-turnaround-production-soars-24tariff-hi,404,dynamicParams=false on active news route; historical slug is not in current news dataset
nissans-us-turnaround-production-soars-24tariff-hi,de,https://www.obd2hq.com/de/news/nissans-us-turnaround-production-soars-24tariff-hi,404,dynamicParams=false on active news route; historical slug is not in current news dataset
nissans-us-turnaround-production-soars-24tariff-hi,es,https://www.obd2hq.com/es/news/nissans-us-turnaround-production-soars-24tariff-hi,404,dynamicParams=false on active news route; historical slug is not in current news dataset
nissans-us-turnaround-production-soars-24tariff-hi,tr,https://www.obd2hq.com/tr/news/nissans-us-turnaround-production-soars-24tariff-hi,404,dynamicParams=false on active news route; historical slug is not in current news dataset
nissans-us-turnaround-production-soars-24tariff-hi,fr,https://www.obd2hq.com/fr/news/nissans-us-turnaround-production-soars-24tariff-hi,404,dynamicParams=false on active news route; historical slug is not in current news dataset
obdonuds-sae-j1979-2-adoption-preparations,en,https://www.obd2hq.com/en/news/obdonuds-sae-j1979-2-adoption-preparations,404,dynamicParams=false on active news route; historical slug is not in current news dataset
obdonuds-sae-j1979-2-adoption-preparations,de,https://www.obd2hq.com/de/news/obdonuds-sae-j1979-2-adoption-preparations,404,dynamicParams=false on active news route; historical slug is not in current news dataset
obdonuds-sae-j1979-2-adoption-preparations,es,https://www.obd2hq.com/es/news/obdonuds-sae-j1979-2-adoption-preparations,404,dynamicParams=false on active news route; historical slug is not in current news dataset
obdonuds-sae-j1979-2-adoption-preparations,tr,https://www.obd2hq.com/tr/news/obdonuds-sae-j1979-2-adoption-preparations,404,dynamicParams=false on active news route; historical slug is not in current news dataset
obdonuds-sae-j1979-2-adoption-preparations,fr,https://www.obd2hq.com/fr/news/obdonuds-sae-j1979-2-adoption-preparations,404,dynamicParams=false on active news route; historical slug is not in current news dataset
over-300000-honda-odyssey-minivans-have-backup-cam,en,https://www.obd2hq.com/en/news/over-300000-honda-odyssey-minivans-have-backup-cam,404,dynamicParams=false on active news route; historical slug is not in current news dataset
over-300000-honda-odyssey-minivans-have-backup-cam,de,https://www.obd2hq.com/de/news/over-300000-honda-odyssey-minivans-have-backup-cam,404,dynamicParams=false on active news route; historical slug is not in current news dataset
over-300000-honda-odyssey-minivans-have-backup-cam,es,https://www.obd2hq.com/es/news/over-300000-honda-odyssey-minivans-have-backup-cam,404,dynamicParams=false on active news route; historical slug is not in current news dataset
over-300000-honda-odyssey-minivans-have-backup-cam,tr,https://www.obd2hq.com/tr/news/over-300000-honda-odyssey-minivans-have-backup-cam,404,dynamicParams=false on active news route; historical slug is not in current news dataset
over-300000-honda-odyssey-minivans-have-backup-cam,fr,https://www.obd2hq.com/fr/news/over-300000-honda-odyssey-minivans-have-backup-cam,404,dynamicParams=false on active news route; historical slug is not in current news dataset
over-300000-honda-odyssey-minivans-have-backup-camera-issues,en,https://www.obd2hq.com/en/news/over-300000-honda-odyssey-minivans-have-backup-camera-issues,404,dynamicParams=false on active news route; historical slug is not in current news dataset
over-300000-honda-odyssey-minivans-have-backup-camera-issues,de,https://www.obd2hq.com/de/news/over-300000-honda-odyssey-minivans-have-backup-camera-issues,404,dynamicParams=false on active news route; historical slug is not in current news dataset
over-300000-honda-odyssey-minivans-have-backup-camera-issues,es,https://www.obd2hq.com/es/news/over-300000-honda-odyssey-minivans-have-backup-camera-issues,404,dynamicParams=false on active news route; historical slug is not in current news dataset
over-300000-honda-odyssey-minivans-have-backup-camera-issues,tr,https://www.obd2hq.com/tr/news/over-300000-honda-odyssey-minivans-have-backup-camera-issues,404,dynamicParams=false on active news route; historical slug is not in current news dataset
over-300000-honda-odyssey-minivans-have-backup-camera-issues,fr,https://www.obd2hq.com/fr/news/over-300000-honda-odyssey-minivans-have-backup-camera-issues,404,dynamicParams=false on active news route; historical slug is not in current news dataset
over-my-dead-body-audi-design-boss-had-one-non-neg,en,https://www.obd2hq.com/en/news/over-my-dead-body-audi-design-boss-had-one-non-neg,404,dynamicParams=false on active news route; historical slug is not in current news dataset
over-my-dead-body-audi-design-boss-had-one-non-neg,de,https://www.obd2hq.com/de/news/over-my-dead-body-audi-design-boss-had-one-non-neg,404,dynamicParams=false on active news route; historical slug is not in current news dataset
over-my-dead-body-audi-design-boss-had-one-non-neg,es,https://www.obd2hq.com/es/news/over-my-dead-body-audi-design-boss-had-one-non-neg,404,dynamicParams=false on active news route; historical slug is not in current news dataset
over-my-dead-body-audi-design-boss-had-one-non-neg,tr,https://www.obd2hq.com/tr/news/over-my-dead-body-audi-design-boss-had-one-non-neg,404,dynamicParams=false on active news route; historical slug is not in current news dataset
over-my-dead-body-audi-design-boss-had-one-non-neg,fr,https://www.obd2hq.com/fr/news/over-my-dead-body-audi-design-boss-had-one-non-neg,404,dynamicParams=false on active news route; historical slug is not in current news dataset
owners-paid-millions-to-live-in-aston-martins-miam,en,https://www.obd2hq.com/en/news/owners-paid-millions-to-live-in-aston-martins-miam,404,dynamicParams=false on active news route; historical slug is not in current news dataset
owners-paid-millions-to-live-in-aston-martins-miam,de,https://www.obd2hq.com/de/news/owners-paid-millions-to-live-in-aston-martins-miam,404,dynamicParams=false on active news route; historical slug is not in current news dataset
owners-paid-millions-to-live-in-aston-martins-miam,es,https://www.obd2hq.com/es/news/owners-paid-millions-to-live-in-aston-martins-miam,404,dynamicParams=false on active news route; historical slug is not in current news dataset
owners-paid-millions-to-live-in-aston-martins-miam,tr,https://www.obd2hq.com/tr/news/owners-paid-millions-to-live-in-aston-martins-miam,404,dynamicParams=false on active news route; historical slug is not in current news dataset
owners-paid-millions-to-live-in-aston-martins-miam,fr,https://www.obd2hq.com/fr/news/owners-paid-millions-to-live-in-aston-martins-miam,404,dynamicParams=false on active news route; historical slug is not in current news dataset
polestar-wont-fight-us-ban-effectively-ending-its,en,https://www.obd2hq.com/en/news/polestar-wont-fight-us-ban-effectively-ending-its,404,dynamicParams=false on active news route; historical slug is not in current news dataset
polestar-wont-fight-us-ban-effectively-ending-its,de,https://www.obd2hq.com/de/news/polestar-wont-fight-us-ban-effectively-ending-its,404,dynamicParams=false on active news route; historical slug is not in current news dataset
polestar-wont-fight-us-ban-effectively-ending-its,es,https://www.obd2hq.com/es/news/polestar-wont-fight-us-ban-effectively-ending-its,404,dynamicParams=false on active news route; historical slug is not in current news dataset
polestar-wont-fight-us-ban-effectively-ending-its,tr,https://www.obd2hq.com/tr/news/polestar-wont-fight-us-ban-effectively-ending-its,404,dynamicParams=false on active news route; historical slug is not in current news dataset
polestar-wont-fight-us-ban-effectively-ending-its,fr,https://www.obd2hq.com/fr/news/polestar-wont-fight-us-ban-effectively-ending-its,404,dynamicParams=false on active news route; historical slug is not in current news dataset
porsche-confirms-its-laying-off-another-5000-peopl,en,https://www.obd2hq.com/en/news/porsche-confirms-its-laying-off-another-5000-peopl,404,dynamicParams=false on active news route; historical slug is not in current news dataset
porsche-confirms-its-laying-off-another-5000-peopl,de,https://www.obd2hq.com/de/news/porsche-confirms-its-laying-off-another-5000-peopl,404,dynamicParams=false on active news route; historical slug is not in current news dataset
porsche-confirms-its-laying-off-another-5000-peopl,es,https://www.obd2hq.com/es/news/porsche-confirms-its-laying-off-another-5000-peopl,404,dynamicParams=false on active news route; historical slug is not in current news dataset
porsche-confirms-its-laying-off-another-5000-peopl,tr,https://www.obd2hq.com/tr/news/porsche-confirms-its-laying-off-another-5000-peopl,404,dynamicParams=false on active news route; historical slug is not in current news dataset
porsche-confirms-its-laying-off-another-5000-peopl,fr,https://www.obd2hq.com/fr/news/porsche-confirms-its-laying-off-another-5000-peopl,404,dynamicParams=false on active news route; historical slug is not in current news dataset
porsche-honors-its-racing-heritage-with-two-gorgeo,en,https://www.obd2hq.com/en/news/porsche-honors-its-racing-heritage-with-two-gorgeo,404,dynamicParams=false on active news route; historical slug is not in current news dataset
porsche-honors-its-racing-heritage-with-two-gorgeo,de,https://www.obd2hq.com/de/news/porsche-honors-its-racing-heritage-with-two-gorgeo,404,dynamicParams=false on active news route; historical slug is not in current news dataset
porsche-honors-its-racing-heritage-with-two-gorgeo,es,https://www.obd2hq.com/es/news/porsche-honors-its-racing-heritage-with-two-gorgeo,404,dynamicParams=false on active news route; historical slug is not in current news dataset
porsche-honors-its-racing-heritage-with-two-gorgeo,tr,https://www.obd2hq.com/tr/news/porsche-honors-its-racing-heritage-with-two-gorgeo,404,dynamicParams=false on active news route; historical slug is not in current news dataset
porsche-honors-its-racing-heritage-with-two-gorgeo,fr,https://www.obd2hq.com/fr/news/porsche-honors-its-racing-heritage-with-two-gorgeo,404,dynamicParams=false on active news route; historical slug is not in current news dataset
porsches-cost-cutting-drive-to-claim-another-5000,en,https://www.obd2hq.com/en/news/porsches-cost-cutting-drive-to-claim-another-5000,404,dynamicParams=false on active news route; historical slug is not in current news dataset
porsches-cost-cutting-drive-to-claim-another-5000,de,https://www.obd2hq.com/de/news/porsches-cost-cutting-drive-to-claim-another-5000,404,dynamicParams=false on active news route; historical slug is not in current news dataset
porsches-cost-cutting-drive-to-claim-another-5000,es,https://www.obd2hq.com/es/news/porsches-cost-cutting-drive-to-claim-another-5000,404,dynamicParams=false on active news route; historical slug is not in current news dataset
porsches-cost-cutting-drive-to-claim-another-5000,tr,https://www.obd2hq.com/tr/news/porsches-cost-cutting-drive-to-claim-another-5000,404,dynamicParams=false on active news route; historical slug is not in current news dataset
porsches-cost-cutting-drive-to-claim-another-5000,fr,https://www.obd2hq.com/fr/news/porsches-cost-cutting-drive-to-claim-another-5000,404,dynamicParams=false on active news route; historical slug is not in current news dataset
porsches-cost-cutting-to-claim-another-5000-jobs-r,en,https://www.obd2hq.com/en/news/porsches-cost-cutting-to-claim-another-5000-jobs-r,404,dynamicParams=false on active news route; historical slug is not in current news dataset
porsches-cost-cutting-to-claim-another-5000-jobs-r,de,https://www.obd2hq.com/de/news/porsches-cost-cutting-to-claim-another-5000-jobs-r,404,dynamicParams=false on active news route; historical slug is not in current news dataset
porsches-cost-cutting-to-claim-another-5000-jobs-r,es,https://www.obd2hq.com/es/news/porsches-cost-cutting-to-claim-another-5000-jobs-r,404,dynamicParams=false on active news route; historical slug is not in current news dataset
porsches-cost-cutting-to-claim-another-5000-jobs-r,tr,https://www.obd2hq.com/tr/news/porsches-cost-cutting-to-claim-another-5000-jobs-r,404,dynamicParams=false on active news route; historical slug is not in current news dataset
porsches-cost-cutting-to-claim-another-5000-jobs-r,fr,https://www.obd2hq.com/fr/news/porsches-cost-cutting-to-claim-another-5000-jobs-r,404,dynamicParams=false on active news route; historical slug is not in current news dataset
porsches-latest-one-off-is-a-fair-dinkum-aussie-tr,en,https://www.obd2hq.com/en/news/porsches-latest-one-off-is-a-fair-dinkum-aussie-tr,404,dynamicParams=false on active news route; historical slug is not in current news dataset
porsches-latest-one-off-is-a-fair-dinkum-aussie-tr,de,https://www.obd2hq.com/de/news/porsches-latest-one-off-is-a-fair-dinkum-aussie-tr,404,dynamicParams=false on active news route; historical slug is not in current news dataset
porsches-latest-one-off-is-a-fair-dinkum-aussie-tr,es,https://www.obd2hq.com/es/news/porsches-latest-one-off-is-a-fair-dinkum-aussie-tr,404,dynamicParams=false on active news route; historical slug is not in current news dataset
porsches-latest-one-off-is-a-fair-dinkum-aussie-tr,tr,https://www.obd2hq.com/tr/news/porsches-latest-one-off-is-a-fair-dinkum-aussie-tr,404,dynamicParams=false on active news route; historical slug is not in current news dataset
porsches-latest-one-off-is-a-fair-dinkum-aussie-tr,fr,https://www.obd2hq.com/fr/news/porsches-latest-one-off-is-a-fair-dinkum-aussie-tr,404,dynamicParams=false on active news route; historical slug is not in current news dataset
ram-1500-owners-check-your-seatbelts-15-million-tr,en,https://www.obd2hq.com/en/news/ram-1500-owners-check-your-seatbelts-15-million-tr,404,dynamicParams=false on active news route; historical slug is not in current news dataset
ram-1500-owners-check-your-seatbelts-15-million-tr,de,https://www.obd2hq.com/de/news/ram-1500-owners-check-your-seatbelts-15-million-tr,404,dynamicParams=false on active news route; historical slug is not in current news dataset
ram-1500-owners-check-your-seatbelts-15-million-tr,es,https://www.obd2hq.com/es/news/ram-1500-owners-check-your-seatbelts-15-million-tr,404,dynamicParams=false on active news route; historical slug is not in current news dataset
ram-1500-owners-check-your-seatbelts-15-million-tr,tr,https://www.obd2hq.com/tr/news/ram-1500-owners-check-your-seatbelts-15-million-tr,404,dynamicParams=false on active news route; historical slug is not in current news dataset
ram-1500-owners-check-your-seatbelts-15-million-tr,fr,https://www.obd2hq.com/fr/news/ram-1500-owners-check-your-seatbelts-15-million-tr,404,dynamicParams=false on active news route; historical slug is not in current news dataset
rams-hemi-v8-is-losing-its-hybrid-systemand-automa,en,https://www.obd2hq.com/en/news/rams-hemi-v8-is-losing-its-hybrid-systemand-automa,404,dynamicParams=false on active news route; historical slug is not in current news dataset
rams-hemi-v8-is-losing-its-hybrid-systemand-automa,de,https://www.obd2hq.com/de/news/rams-hemi-v8-is-losing-its-hybrid-systemand-automa,404,dynamicParams=false on active news route; historical slug is not in current news dataset
rams-hemi-v8-is-losing-its-hybrid-systemand-automa,es,https://www.obd2hq.com/es/news/rams-hemi-v8-is-losing-its-hybrid-systemand-automa,404,dynamicParams=false on active news route; historical slug is not in current news dataset
rams-hemi-v8-is-losing-its-hybrid-systemand-automa,tr,https://www.obd2hq.com/tr/news/rams-hemi-v8-is-losing-its-hybrid-systemand-automa,404,dynamicParams=false on active news route; historical slug is not in current news dataset
rams-hemi-v8-is-losing-its-hybrid-systemand-automa,fr,https://www.obd2hq.com/fr/news/rams-hemi-v8-is-losing-its-hybrid-systemand-automa,404,dynamicParams=false on active news route; historical slug is not in current news dataset
rams-rumble-bee-srt-can-make-over-900-hp-with-new,en,https://www.obd2hq.com/en/news/rams-rumble-bee-srt-can-make-over-900-hp-with-new,404,dynamicParams=false on active news route; historical slug is not in current news dataset
rams-rumble-bee-srt-can-make-over-900-hp-with-new,de,https://www.obd2hq.com/de/news/rams-rumble-bee-srt-can-make-over-900-hp-with-new,404,dynamicParams=false on active news route; historical slug is not in current news dataset
rams-rumble-bee-srt-can-make-over-900-hp-with-new,es,https://www.obd2hq.com/es/news/rams-rumble-bee-srt-can-make-over-900-hp-with-new,404,dynamicParams=false on active news route; historical slug is not in current news dataset
rams-rumble-bee-srt-can-make-over-900-hp-with-new,tr,https://www.obd2hq.com/tr/news/rams-rumble-bee-srt-can-make-over-900-hp-with-new,404,dynamicParams=false on active news route; historical slug is not in current news dataset
rams-rumble-bee-srt-can-make-over-900-hp-with-new,fr,https://www.obd2hq.com/fr/news/rams-rumble-bee-srt-can-make-over-900-hp-with-new,404,dynamicParams=false on active news route; historical slug is not in current news dataset
reborn-audi-a2-reveals-funky-styling-after-losing-camouflage,en,https://www.obd2hq.com/en/news/reborn-audi-a2-reveals-funky-styling-after-losing-camouflage,404,dynamicParams=false on active news route; historical slug is not in current news dataset
reborn-audi-a2-reveals-funky-styling-after-losing-camouflage,de,https://www.obd2hq.com/de/news/reborn-audi-a2-reveals-funky-styling-after-losing-camouflage,404,dynamicParams=false on active news route; historical slug is not in current news dataset
reborn-audi-a2-reveals-funky-styling-after-losing-camouflage,es,https://www.obd2hq.com/es/news/reborn-audi-a2-reveals-funky-styling-after-losing-camouflage,404,dynamicParams=false on active news route; historical slug is not in current news dataset
reborn-audi-a2-reveals-funky-styling-after-losing-camouflage,tr,https://www.obd2hq.com/tr/news/reborn-audi-a2-reveals-funky-styling-after-losing-camouflage,404,dynamicParams=false on active news route; historical slug is not in current news dataset
reborn-audi-a2-reveals-funky-styling-after-losing-camouflage,fr,https://www.obd2hq.com/fr/news/reborn-audi-a2-reveals-funky-styling-after-losing-camouflage,404,dynamicParams=false on active news route; historical slug is not in current news dataset
reborn-audi-a2-reveals-funky-styling-after-losing,en,https://www.obd2hq.com/en/news/reborn-audi-a2-reveals-funky-styling-after-losing,404,dynamicParams=false on active news route; historical slug is not in current news dataset
reborn-audi-a2-reveals-funky-styling-after-losing,de,https://www.obd2hq.com/de/news/reborn-audi-a2-reveals-funky-styling-after-losing,404,dynamicParams=false on active news route; historical slug is not in current news dataset
reborn-audi-a2-reveals-funky-styling-after-losing,es,https://www.obd2hq.com/es/news/reborn-audi-a2-reveals-funky-styling-after-losing,404,dynamicParams=false on active news route; historical slug is not in current news dataset
reborn-audi-a2-reveals-funky-styling-after-losing,tr,https://www.obd2hq.com/tr/news/reborn-audi-a2-reveals-funky-styling-after-losing,404,dynamicParams=false on active news route; historical slug is not in current news dataset
reborn-audi-a2-reveals-funky-styling-after-losing,fr,https://www.obd2hq.com/fr/news/reborn-audi-a2-reveals-funky-styling-after-losing,404,dynamicParams=false on active news route; historical slug is not in current news dataset
rezvanis-new-off-road-supercar-makes-the-huracan-s,en,https://www.obd2hq.com/en/news/rezvanis-new-off-road-supercar-makes-the-huracan-s,404,dynamicParams=false on active news route; historical slug is not in current news dataset
rezvanis-new-off-road-supercar-makes-the-huracan-s,de,https://www.obd2hq.com/de/news/rezvanis-new-off-road-supercar-makes-the-huracan-s,404,dynamicParams=false on active news route; historical slug is not in current news dataset
rezvanis-new-off-road-supercar-makes-the-huracan-s,es,https://www.obd2hq.com/es/news/rezvanis-new-off-road-supercar-makes-the-huracan-s,404,dynamicParams=false on active news route; historical slug is not in current news dataset
rezvanis-new-off-road-supercar-makes-the-huracan-s,tr,https://www.obd2hq.com/tr/news/rezvanis-new-off-road-supercar-makes-the-huracan-s,404,dynamicParams=false on active news route; historical slug is not in current news dataset
rezvanis-new-off-road-supercar-makes-the-huracan-s,fr,https://www.obd2hq.com/fr/news/rezvanis-new-off-road-supercar-makes-the-huracan-s,404,dynamicParams=false on active news route; historical slug is not in current news dataset
roush-built-the-v8-powered-ram-the-rho-should-have,en,https://www.obd2hq.com/en/news/roush-built-the-v8-powered-ram-the-rho-should-have,404,dynamicParams=false on active news route; historical slug is not in current news dataset
roush-built-the-v8-powered-ram-the-rho-should-have,de,https://www.obd2hq.com/de/news/roush-built-the-v8-powered-ram-the-rho-should-have,404,dynamicParams=false on active news route; historical slug is not in current news dataset
roush-built-the-v8-powered-ram-the-rho-should-have,es,https://www.obd2hq.com/es/news/roush-built-the-v8-powered-ram-the-rho-should-have,404,dynamicParams=false on active news route; historical slug is not in current news dataset
roush-built-the-v8-powered-ram-the-rho-should-have,tr,https://www.obd2hq.com/tr/news/roush-built-the-v8-powered-ram-the-rho-should-have,404,dynamicParams=false on active news route; historical slug is not in current news dataset
roush-built-the-v8-powered-ram-the-rho-should-have,fr,https://www.obd2hq.com/fr/news/roush-built-the-v8-powered-ram-the-rho-should-have,404,dynamicParams=false on active news route; historical slug is not in current news dataset
sample-news,en,https://www.obd2hq.com/en/news/sample-news,404,dynamicParams=false on active news route; historical slug is not in current news dataset
sample-news,de,https://www.obd2hq.com/de/news/sample-news,404,dynamicParams=false on active news route; historical slug is not in current news dataset
sample-news,es,https://www.obd2hq.com/es/news/sample-news,404,dynamicParams=false on active news route; historical slug is not in current news dataset
sample-news,tr,https://www.obd2hq.com/tr/news/sample-news,404,dynamicParams=false on active news route; historical slug is not in current news dataset
sample-news,fr,https://www.obd2hq.com/fr/news/sample-news,404,dynamicParams=false on active news route; historical slug is not in current news dataset
seven-dream-ferraris-are-headed-to-auction-from-th,en,https://www.obd2hq.com/en/news/seven-dream-ferraris-are-headed-to-auction-from-th,404,dynamicParams=false on active news route; historical slug is not in current news dataset
seven-dream-ferraris-are-headed-to-auction-from-th,de,https://www.obd2hq.com/de/news/seven-dream-ferraris-are-headed-to-auction-from-th,404,dynamicParams=false on active news route; historical slug is not in current news dataset
seven-dream-ferraris-are-headed-to-auction-from-th,es,https://www.obd2hq.com/es/news/seven-dream-ferraris-are-headed-to-auction-from-th,404,dynamicParams=false on active news route; historical slug is not in current news dataset
seven-dream-ferraris-are-headed-to-auction-from-th,tr,https://www.obd2hq.com/tr/news/seven-dream-ferraris-are-headed-to-auction-from-th,404,dynamicParams=false on active news route; historical slug is not in current news dataset
seven-dream-ferraris-are-headed-to-auction-from-th,fr,https://www.obd2hq.com/fr/news/seven-dream-ferraris-are-headed-to-auction-from-th,404,dynamicParams=false on active news route; historical slug is not in current news dataset
shelbys-new-f-150-super-snake-spits-venom-at-the-r,en,https://www.obd2hq.com/en/news/shelbys-new-f-150-super-snake-spits-venom-at-the-r,404,dynamicParams=false on active news route; historical slug is not in current news dataset
shelbys-new-f-150-super-snake-spits-venom-at-the-r,de,https://www.obd2hq.com/de/news/shelbys-new-f-150-super-snake-spits-venom-at-the-r,404,dynamicParams=false on active news route; historical slug is not in current news dataset
shelbys-new-f-150-super-snake-spits-venom-at-the-r,es,https://www.obd2hq.com/es/news/shelbys-new-f-150-super-snake-spits-venom-at-the-r,404,dynamicParams=false on active news route; historical slug is not in current news dataset
shelbys-new-f-150-super-snake-spits-venom-at-the-r,tr,https://www.obd2hq.com/tr/news/shelbys-new-f-150-super-snake-spits-venom-at-the-r,404,dynamicParams=false on active news route; historical slug is not in current news dataset
shelbys-new-f-150-super-snake-spits-venom-at-the-r,fr,https://www.obd2hq.com/fr/news/shelbys-new-f-150-super-snake-spits-venom-at-the-r,404,dynamicParams=false on active news route; historical slug is not in current news dataset
shocking-ferraris-controversial-ev-is-reportedly-s,en,https://www.obd2hq.com/en/news/shocking-ferraris-controversial-ev-is-reportedly-s,404,dynamicParams=false on active news route; historical slug is not in current news dataset
shocking-ferraris-controversial-ev-is-reportedly-s,de,https://www.obd2hq.com/de/news/shocking-ferraris-controversial-ev-is-reportedly-s,404,dynamicParams=false on active news route; historical slug is not in current news dataset
shocking-ferraris-controversial-ev-is-reportedly-s,es,https://www.obd2hq.com/es/news/shocking-ferraris-controversial-ev-is-reportedly-s,404,dynamicParams=false on active news route; historical slug is not in current news dataset
shocking-ferraris-controversial-ev-is-reportedly-s,tr,https://www.obd2hq.com/tr/news/shocking-ferraris-controversial-ev-is-reportedly-s,404,dynamicParams=false on active news route; historical slug is not in current news dataset
shocking-ferraris-controversial-ev-is-reportedly-s,fr,https://www.obd2hq.com/fr/news/shocking-ferraris-controversial-ev-is-reportedly-s,404,dynamicParams=false on active news route; historical slug is not in current news dataset
slate-lets-you-pick-a-color-straight-from-the-cray,en,https://www.obd2hq.com/en/news/slate-lets-you-pick-a-color-straight-from-the-cray,404,dynamicParams=false on active news route; historical slug is not in current news dataset
slate-lets-you-pick-a-color-straight-from-the-cray,de,https://www.obd2hq.com/de/news/slate-lets-you-pick-a-color-straight-from-the-cray,404,dynamicParams=false on active news route; historical slug is not in current news dataset
slate-lets-you-pick-a-color-straight-from-the-cray,es,https://www.obd2hq.com/es/news/slate-lets-you-pick-a-color-straight-from-the-cray,404,dynamicParams=false on active news route; historical slug is not in current news dataset
slate-lets-you-pick-a-color-straight-from-the-cray,tr,https://www.obd2hq.com/tr/news/slate-lets-you-pick-a-color-straight-from-the-cray,404,dynamicParams=false on active news route; historical slug is not in current news dataset
slate-lets-you-pick-a-color-straight-from-the-cray,fr,https://www.obd2hq.com/fr/news/slate-lets-you-pick-a-color-straight-from-the-cray,404,dynamicParams=false on active news route; historical slug is not in current news dataset
slate-lets-you-pick-a-color-straight-from-the-crayola-crayon-box,en,https://www.obd2hq.com/en/news/slate-lets-you-pick-a-color-straight-from-the-crayola-crayon-box,404,dynamicParams=false on active news route; historical slug is not in current news dataset
slate-lets-you-pick-a-color-straight-from-the-crayola-crayon-box,de,https://www.obd2hq.com/de/news/slate-lets-you-pick-a-color-straight-from-the-crayola-crayon-box,404,dynamicParams=false on active news route; historical slug is not in current news dataset
slate-lets-you-pick-a-color-straight-from-the-crayola-crayon-box,es,https://www.obd2hq.com/es/news/slate-lets-you-pick-a-color-straight-from-the-crayola-crayon-box,404,dynamicParams=false on active news route; historical slug is not in current news dataset
slate-lets-you-pick-a-color-straight-from-the-crayola-crayon-box,tr,https://www.obd2hq.com/tr/news/slate-lets-you-pick-a-color-straight-from-the-crayola-crayon-box,404,dynamicParams=false on active news route; historical slug is not in current news dataset
slate-lets-you-pick-a-color-straight-from-the-crayola-crayon-box,fr,https://www.obd2hq.com/fr/news/slate-lets-you-pick-a-color-straight-from-the-crayola-crayon-box,404,dynamicParams=false on active news route; historical slug is not in current news dataset
smarts-new-city-car-revealed-using-street-murals,en,https://www.obd2hq.com/en/news/smarts-new-city-car-revealed-using-street-murals,404,dynamicParams=false on active news route; historical slug is not in current news dataset
smarts-new-city-car-revealed-using-street-murals,de,https://www.obd2hq.com/de/news/smarts-new-city-car-revealed-using-street-murals,404,dynamicParams=false on active news route; historical slug is not in current news dataset
smarts-new-city-car-revealed-using-street-murals,es,https://www.obd2hq.com/es/news/smarts-new-city-car-revealed-using-street-murals,404,dynamicParams=false on active news route; historical slug is not in current news dataset
smarts-new-city-car-revealed-using-street-murals,tr,https://www.obd2hq.com/tr/news/smarts-new-city-car-revealed-using-street-murals,404,dynamicParams=false on active news route; historical slug is not in current news dataset
smarts-new-city-car-revealed-using-street-murals,fr,https://www.obd2hq.com/fr/news/smarts-new-city-car-revealed-using-street-murals,404,dynamicParams=false on active news route; historical slug is not in current news dataset
spider-man-is-taking-over-bmws-imsa-race-car-this,en,https://www.obd2hq.com/en/news/spider-man-is-taking-over-bmws-imsa-race-car-this,404,dynamicParams=false on active news route; historical slug is not in current news dataset
spider-man-is-taking-over-bmws-imsa-race-car-this,de,https://www.obd2hq.com/de/news/spider-man-is-taking-over-bmws-imsa-race-car-this,404,dynamicParams=false on active news route; historical slug is not in current news dataset
spider-man-is-taking-over-bmws-imsa-race-car-this,es,https://www.obd2hq.com/es/news/spider-man-is-taking-over-bmws-imsa-race-car-this,404,dynamicParams=false on active news route; historical slug is not in current news dataset
spider-man-is-taking-over-bmws-imsa-race-car-this,tr,https://www.obd2hq.com/tr/news/spider-man-is-taking-over-bmws-imsa-race-car-this,404,dynamicParams=false on active news route; historical slug is not in current news dataset
spider-man-is-taking-over-bmws-imsa-race-car-this,fr,https://www.obd2hq.com/fr/news/spider-man-is-taking-over-bmws-imsa-race-car-this,404,dynamicParams=false on active news route; historical slug is not in current news dataset
spied-mercedes-amg-gt-black-series-shows-off-its-b,en,https://www.obd2hq.com/en/news/spied-mercedes-amg-gt-black-series-shows-off-its-b,404,dynamicParams=false on active news route; historical slug is not in current news dataset
spied-mercedes-amg-gt-black-series-shows-off-its-b,de,https://www.obd2hq.com/de/news/spied-mercedes-amg-gt-black-series-shows-off-its-b,404,dynamicParams=false on active news route; historical slug is not in current news dataset
spied-mercedes-amg-gt-black-series-shows-off-its-b,es,https://www.obd2hq.com/es/news/spied-mercedes-amg-gt-black-series-shows-off-its-b,404,dynamicParams=false on active news route; historical slug is not in current news dataset
spied-mercedes-amg-gt-black-series-shows-off-its-b,tr,https://www.obd2hq.com/tr/news/spied-mercedes-amg-gt-black-series-shows-off-its-b,404,dynamicParams=false on active news route; historical slug is not in current news dataset
spied-mercedes-amg-gt-black-series-shows-off-its-b,fr,https://www.obd2hq.com/fr/news/spied-mercedes-amg-gt-black-series-shows-off-its-b,404,dynamicParams=false on active news route; historical slug is not in current news dataset
spotted-audi-is-making-an-rs-model-its-never-offer,en,https://www.obd2hq.com/en/news/spotted-audi-is-making-an-rs-model-its-never-offer,404,dynamicParams=false on active news route; historical slug is not in current news dataset
spotted-audi-is-making-an-rs-model-its-never-offer,de,https://www.obd2hq.com/de/news/spotted-audi-is-making-an-rs-model-its-never-offer,404,dynamicParams=false on active news route; historical slug is not in current news dataset
spotted-audi-is-making-an-rs-model-its-never-offer,es,https://www.obd2hq.com/es/news/spotted-audi-is-making-an-rs-model-its-never-offer,404,dynamicParams=false on active news route; historical slug is not in current news dataset
spotted-audi-is-making-an-rs-model-its-never-offer,tr,https://www.obd2hq.com/tr/news/spotted-audi-is-making-an-rs-model-its-never-offer,404,dynamicParams=false on active news route; historical slug is not in current news dataset
spotted-audi-is-making-an-rs-model-its-never-offer,fr,https://www.obd2hq.com/fr/news/spotted-audi-is-making-an-rs-model-its-never-offer,404,dynamicParams=false on active news route; historical slug is not in current news dataset
spotted-toyota-is-already-testing-a-hotter-gr-gt-s,en,https://www.obd2hq.com/en/news/spotted-toyota-is-already-testing-a-hotter-gr-gt-s,404,dynamicParams=false on active news route; historical slug is not in current news dataset
spotted-toyota-is-already-testing-a-hotter-gr-gt-s,de,https://www.obd2hq.com/de/news/spotted-toyota-is-already-testing-a-hotter-gr-gt-s,404,dynamicParams=false on active news route; historical slug is not in current news dataset
spotted-toyota-is-already-testing-a-hotter-gr-gt-s,es,https://www.obd2hq.com/es/news/spotted-toyota-is-already-testing-a-hotter-gr-gt-s,404,dynamicParams=false on active news route; historical slug is not in current news dataset
spotted-toyota-is-already-testing-a-hotter-gr-gt-s,tr,https://www.obd2hq.com/tr/news/spotted-toyota-is-already-testing-a-hotter-gr-gt-s,404,dynamicParams=false on active news route; historical slug is not in current news dataset
spotted-toyota-is-already-testing-a-hotter-gr-gt-s,fr,https://www.obd2hq.com/fr/news/spotted-toyota-is-already-testing-a-hotter-gr-gt-s,404,dynamicParams=false on active news route; historical slug is not in current news dataset
srt-solved-the-hurricane-engines-turbo-lag-issue-w,en,https://www.obd2hq.com/en/news/srt-solved-the-hurricane-engines-turbo-lag-issue-w,404,dynamicParams=false on active news route; historical slug is not in current news dataset
srt-solved-the-hurricane-engines-turbo-lag-issue-w,de,https://www.obd2hq.com/de/news/srt-solved-the-hurricane-engines-turbo-lag-issue-w,404,dynamicParams=false on active news route; historical slug is not in current news dataset
srt-solved-the-hurricane-engines-turbo-lag-issue-w,es,https://www.obd2hq.com/es/news/srt-solved-the-hurricane-engines-turbo-lag-issue-w,404,dynamicParams=false on active news route; historical slug is not in current news dataset
srt-solved-the-hurricane-engines-turbo-lag-issue-w,tr,https://www.obd2hq.com/tr/news/srt-solved-the-hurricane-engines-turbo-lag-issue-w,404,dynamicParams=false on active news route; historical slug is not in current news dataset
srt-solved-the-hurricane-engines-turbo-lag-issue-w,fr,https://www.obd2hq.com/fr/news/srt-solved-the-hurricane-engines-turbo-lag-issue-w,404,dynamicParams=false on active news route; historical slug is not in current news dataset
tata-tops-tesla-indian-evs-are-the-worlds-most-eff,en,https://www.obd2hq.com/en/news/tata-tops-tesla-indian-evs-are-the-worlds-most-eff,404,dynamicParams=false on active news route; historical slug is not in current news dataset
tata-tops-tesla-indian-evs-are-the-worlds-most-eff,de,https://www.obd2hq.com/de/news/tata-tops-tesla-indian-evs-are-the-worlds-most-eff,404,dynamicParams=false on active news route; historical slug is not in current news dataset
tata-tops-tesla-indian-evs-are-the-worlds-most-eff,es,https://www.obd2hq.com/es/news/tata-tops-tesla-indian-evs-are-the-worlds-most-eff,404,dynamicParams=false on active news route; historical slug is not in current news dataset
tata-tops-tesla-indian-evs-are-the-worlds-most-eff,tr,https://www.obd2hq.com/tr/news/tata-tops-tesla-indian-evs-are-the-worlds-most-eff,404,dynamicParams=false on active news route; historical slug is not in current news dataset
tata-tops-tesla-indian-evs-are-the-worlds-most-eff,fr,https://www.obd2hq.com/fr/news/tata-tops-tesla-indian-evs-are-the-worlds-most-eff,404,dynamicParams=false on active news route; historical slug is not in current news dataset
that-situation-is-not-acceptable-mazda-laments-fal,en,https://www.obd2hq.com/en/news/that-situation-is-not-acceptable-mazda-laments-fal,404,dynamicParams=false on active news route; historical slug is not in current news dataset
that-situation-is-not-acceptable-mazda-laments-fal,de,https://www.obd2hq.com/de/news/that-situation-is-not-acceptable-mazda-laments-fal,404,dynamicParams=false on active news route; historical slug is not in current news dataset
that-situation-is-not-acceptable-mazda-laments-fal,es,https://www.obd2hq.com/es/news/that-situation-is-not-acceptable-mazda-laments-fal,404,dynamicParams=false on active news route; historical slug is not in current news dataset
that-situation-is-not-acceptable-mazda-laments-fal,tr,https://www.obd2hq.com/tr/news/that-situation-is-not-acceptable-mazda-laments-fal,404,dynamicParams=false on active news route; historical slug is not in current news dataset
that-situation-is-not-acceptable-mazda-laments-fal,fr,https://www.obd2hq.com/fr/news/that-situation-is-not-acceptable-mazda-laments-fal,404,dynamicParams=false on active news route; historical slug is not in current news dataset
the-10-fastest-cars-at-goodwood-this-year,en,https://www.obd2hq.com/en/news/the-10-fastest-cars-at-goodwood-this-year,404,dynamicParams=false on active news route; historical slug is not in current news dataset
the-10-fastest-cars-at-goodwood-this-year,de,https://www.obd2hq.com/de/news/the-10-fastest-cars-at-goodwood-this-year,404,dynamicParams=false on active news route; historical slug is not in current news dataset
the-10-fastest-cars-at-goodwood-this-year,es,https://www.obd2hq.com/es/news/the-10-fastest-cars-at-goodwood-this-year,404,dynamicParams=false on active news route; historical slug is not in current news dataset
the-10-fastest-cars-at-goodwood-this-year,tr,https://www.obd2hq.com/tr/news/the-10-fastest-cars-at-goodwood-this-year,404,dynamicParams=false on active news route; historical slug is not in current news dataset
the-10-fastest-cars-at-goodwood-this-year,fr,https://www.obd2hq.com/fr/news/the-10-fastest-cars-at-goodwood-this-year,404,dynamicParams=false on active news route; historical slug is not in current news dataset
the-2027-nissan-z-is-more-expensive-but-it-gets-on,en,https://www.obd2hq.com/en/news/the-2027-nissan-z-is-more-expensive-but-it-gets-on,404,dynamicParams=false on active news route; historical slug is not in current news dataset
the-2027-nissan-z-is-more-expensive-but-it-gets-on,de,https://www.obd2hq.com/de/news/the-2027-nissan-z-is-more-expensive-but-it-gets-on,404,dynamicParams=false on active news route; historical slug is not in current news dataset
the-2027-nissan-z-is-more-expensive-but-it-gets-on,es,https://www.obd2hq.com/es/news/the-2027-nissan-z-is-more-expensive-but-it-gets-on,404,dynamicParams=false on active news route; historical slug is not in current news dataset
the-2027-nissan-z-is-more-expensive-but-it-gets-on,tr,https://www.obd2hq.com/tr/news/the-2027-nissan-z-is-more-expensive-but-it-gets-on,404,dynamicParams=false on active news route; historical slug is not in current news dataset
the-2027-nissan-z-is-more-expensive-but-it-gets-on,fr,https://www.obd2hq.com/fr/news/the-2027-nissan-z-is-more-expensive-but-it-gets-on,404,dynamicParams=false on active news route; historical slug is not in current news dataset
the-64k-toyota-corolla-that-costs-supra-money,en,https://www.obd2hq.com/en/news/the-64k-toyota-corolla-that-costs-supra-money,404,dynamicParams=false on active news route; historical slug is not in current news dataset
the-64k-toyota-corolla-that-costs-supra-money,de,https://www.obd2hq.com/de/news/the-64k-toyota-corolla-that-costs-supra-money,404,dynamicParams=false on active news route; historical slug is not in current news dataset
the-64k-toyota-corolla-that-costs-supra-money,es,https://www.obd2hq.com/es/news/the-64k-toyota-corolla-that-costs-supra-money,404,dynamicParams=false on active news route; historical slug is not in current news dataset
the-64k-toyota-corolla-that-costs-supra-money,tr,https://www.obd2hq.com/tr/news/the-64k-toyota-corolla-that-costs-supra-money,404,dynamicParams=false on active news route; historical slug is not in current news dataset
the-64k-toyota-corolla-that-costs-supra-money,fr,https://www.obd2hq.com/fr/news/the-64k-toyota-corolla-that-costs-supra-money,404,dynamicParams=false on active news route; historical slug is not in current news dataset
the-audi-q7-gets-a-price-hike-while-the-sq7-nears-,en,https://www.obd2hq.com/en/news/the-audi-q7-gets-a-price-hike-while-the-sq7-nears-,404,dynamicParams=false on active news route; historical slug is not in current news dataset
the-audi-q7-gets-a-price-hike-while-the-sq7-nears-,de,https://www.obd2hq.com/de/news/the-audi-q7-gets-a-price-hike-while-the-sq7-nears-,404,dynamicParams=false on active news route; historical slug is not in current news dataset
the-audi-q7-gets-a-price-hike-while-the-sq7-nears-,es,https://www.obd2hq.com/es/news/the-audi-q7-gets-a-price-hike-while-the-sq7-nears-,404,dynamicParams=false on active news route; historical slug is not in current news dataset
the-audi-q7-gets-a-price-hike-while-the-sq7-nears-,tr,https://www.obd2hq.com/tr/news/the-audi-q7-gets-a-price-hike-while-the-sq7-nears-,404,dynamicParams=false on active news route; historical slug is not in current news dataset
the-audi-q7-gets-a-price-hike-while-the-sq7-nears-,fr,https://www.obd2hq.com/fr/news/the-audi-q7-gets-a-price-hike-while-the-sq7-nears-,404,dynamicParams=false on active news route; historical slug is not in current news dataset
the-audi-q9-starts-life-in-europe-with-a-diesel-bu,en,https://www.obd2hq.com/en/news/the-audi-q9-starts-life-in-europe-with-a-diesel-bu,404,dynamicParams=false on active news route; historical slug is not in current news dataset
the-audi-q9-starts-life-in-europe-with-a-diesel-bu,de,https://www.obd2hq.com/de/news/the-audi-q9-starts-life-in-europe-with-a-diesel-bu,404,dynamicParams=false on active news route; historical slug is not in current news dataset
the-audi-q9-starts-life-in-europe-with-a-diesel-bu,es,https://www.obd2hq.com/es/news/the-audi-q9-starts-life-in-europe-with-a-diesel-bu,404,dynamicParams=false on active news route; historical slug is not in current news dataset
the-audi-q9-starts-life-in-europe-with-a-diesel-bu,tr,https://www.obd2hq.com/tr/news/the-audi-q9-starts-life-in-europe-with-a-diesel-bu,404,dynamicParams=false on active news route; historical slug is not in current news dataset
the-audi-q9-starts-life-in-europe-with-a-diesel-bu,fr,https://www.obd2hq.com/fr/news/the-audi-q9-starts-life-in-europe-with-a-diesel-bu,404,dynamicParams=false on active news route; historical slug is not in current news dataset
the-cadillac-ct5-v-blackwing-could-return-with-eve,en,https://www.obd2hq.com/en/news/the-cadillac-ct5-v-blackwing-could-return-with-eve,404,dynamicParams=false on active news route; historical slug is not in current news dataset
the-cadillac-ct5-v-blackwing-could-return-with-eve,de,https://www.obd2hq.com/de/news/the-cadillac-ct5-v-blackwing-could-return-with-eve,404,dynamicParams=false on active news route; historical slug is not in current news dataset
the-cadillac-ct5-v-blackwing-could-return-with-eve,es,https://www.obd2hq.com/es/news/the-cadillac-ct5-v-blackwing-could-return-with-eve,404,dynamicParams=false on active news route; historical slug is not in current news dataset
the-cadillac-ct5-v-blackwing-could-return-with-eve,tr,https://www.obd2hq.com/tr/news/the-cadillac-ct5-v-blackwing-could-return-with-eve,404,dynamicParams=false on active news route; historical slug is not in current news dataset
the-cadillac-ct5-v-blackwing-could-return-with-eve,fr,https://www.obd2hq.com/fr/news/the-cadillac-ct5-v-blackwing-could-return-with-eve,404,dynamicParams=false on active news route; historical slug is not in current news dataset
the-electric-bmw-m3-will-wear-the-same-badge-as-it,en,https://www.obd2hq.com/en/news/the-electric-bmw-m3-will-wear-the-same-badge-as-it,404,dynamicParams=false on active news route; historical slug is not in current news dataset
the-electric-bmw-m3-will-wear-the-same-badge-as-it,de,https://www.obd2hq.com/de/news/the-electric-bmw-m3-will-wear-the-same-badge-as-it,404,dynamicParams=false on active news route; historical slug is not in current news dataset
the-electric-bmw-m3-will-wear-the-same-badge-as-it,es,https://www.obd2hq.com/es/news/the-electric-bmw-m3-will-wear-the-same-badge-as-it,404,dynamicParams=false on active news route; historical slug is not in current news dataset
the-electric-bmw-m3-will-wear-the-same-badge-as-it,tr,https://www.obd2hq.com/tr/news/the-electric-bmw-m3-will-wear-the-same-badge-as-it,404,dynamicParams=false on active news route; historical slug is not in current news dataset
the-electric-bmw-m3-will-wear-the-same-badge-as-it,fr,https://www.obd2hq.com/fr/news/the-electric-bmw-m3-will-wear-the-same-badge-as-it,404,dynamicParams=false on active news route; historical slug is not in current news dataset
the-ferrari-of-suvs-is-changing-new-purosangue-ver,en,https://www.obd2hq.com/en/news/the-ferrari-of-suvs-is-changing-new-purosangue-ver,404,dynamicParams=false on active news route; historical slug is not in current news dataset
the-ferrari-of-suvs-is-changing-new-purosangue-ver,de,https://www.obd2hq.com/de/news/the-ferrari-of-suvs-is-changing-new-purosangue-ver,404,dynamicParams=false on active news route; historical slug is not in current news dataset
the-ferrari-of-suvs-is-changing-new-purosangue-ver,es,https://www.obd2hq.com/es/news/the-ferrari-of-suvs-is-changing-new-purosangue-ver,404,dynamicParams=false on active news route; historical slug is not in current news dataset
the-ferrari-of-suvs-is-changing-new-purosangue-ver,tr,https://www.obd2hq.com/tr/news/the-ferrari-of-suvs-is-changing-new-purosangue-ver,404,dynamicParams=false on active news route; historical slug is not in current news dataset
the-ferrari-of-suvs-is-changing-new-purosangue-ver,fr,https://www.obd2hq.com/fr/news/the-ferrari-of-suvs-is-changing-new-purosangue-ver,404,dynamicParams=false on active news route; historical slug is not in current news dataset
the-genesis-gv60-magma-is-9000-pricier-than-its-hy,en,https://www.obd2hq.com/en/news/the-genesis-gv60-magma-is-9000-pricier-than-its-hy,404,dynamicParams=false on active news route; historical slug is not in current news dataset
the-genesis-gv60-magma-is-9000-pricier-than-its-hy,de,https://www.obd2hq.com/de/news/the-genesis-gv60-magma-is-9000-pricier-than-its-hy,404,dynamicParams=false on active news route; historical slug is not in current news dataset
the-genesis-gv60-magma-is-9000-pricier-than-its-hy,es,https://www.obd2hq.com/es/news/the-genesis-gv60-magma-is-9000-pricier-than-its-hy,404,dynamicParams=false on active news route; historical slug is not in current news dataset
the-genesis-gv60-magma-is-9000-pricier-than-its-hy,tr,https://www.obd2hq.com/tr/news/the-genesis-gv60-magma-is-9000-pricier-than-its-hy,404,dynamicParams=false on active news route; historical slug is not in current news dataset
the-genesis-gv60-magma-is-9000-pricier-than-its-hy,fr,https://www.obd2hq.com/fr/news/the-genesis-gv60-magma-is-9000-pricier-than-its-hy,404,dynamicParams=false on active news route; historical slug is not in current news dataset
the-government-may-ban-bad-door-handles,en,https://www.obd2hq.com/en/news/the-government-may-ban-bad-door-handles,404,dynamicParams=false on active news route; historical slug is not in current news dataset
the-government-may-ban-bad-door-handles,de,https://www.obd2hq.com/de/news/the-government-may-ban-bad-door-handles,404,dynamicParams=false on active news route; historical slug is not in current news dataset
the-government-may-ban-bad-door-handles,es,https://www.obd2hq.com/es/news/the-government-may-ban-bad-door-handles,404,dynamicParams=false on active news route; historical slug is not in current news dataset
the-government-may-ban-bad-door-handles,tr,https://www.obd2hq.com/tr/news/the-government-may-ban-bad-door-handles,404,dynamicParams=false on active news route; historical slug is not in current news dataset
the-government-may-ban-bad-door-handles,fr,https://www.obd2hq.com/fr/news/the-government-may-ban-bad-door-handles,404,dynamicParams=false on active news route; historical slug is not in current news dataset
the-grand-tour-returns-in-september-with-three-new,en,https://www.obd2hq.com/en/news/the-grand-tour-returns-in-september-with-three-new,404,dynamicParams=false on active news route; historical slug is not in current news dataset
the-grand-tour-returns-in-september-with-three-new,de,https://www.obd2hq.com/de/news/the-grand-tour-returns-in-september-with-three-new,404,dynamicParams=false on active news route; historical slug is not in current news dataset
the-grand-tour-returns-in-september-with-three-new,es,https://www.obd2hq.com/es/news/the-grand-tour-returns-in-september-with-three-new,404,dynamicParams=false on active news route; historical slug is not in current news dataset
the-grand-tour-returns-in-september-with-three-new,tr,https://www.obd2hq.com/tr/news/the-grand-tour-returns-in-september-with-three-new,404,dynamicParams=false on active news route; historical slug is not in current news dataset
the-grand-tour-returns-in-september-with-three-new,fr,https://www.obd2hq.com/fr/news/the-grand-tour-returns-in-september-with-three-new,404,dynamicParams=false on active news route; historical slug is not in current news dataset
the-land-rover-discovery-sport-is-dead,en,https://www.obd2hq.com/en/news/the-land-rover-discovery-sport-is-dead,404,dynamicParams=false on active news route; historical slug is not in current news dataset
the-land-rover-discovery-sport-is-dead,de,https://www.obd2hq.com/de/news/the-land-rover-discovery-sport-is-dead,404,dynamicParams=false on active news route; historical slug is not in current news dataset
the-land-rover-discovery-sport-is-dead,es,https://www.obd2hq.com/es/news/the-land-rover-discovery-sport-is-dead,404,dynamicParams=false on active news route; historical slug is not in current news dataset
the-land-rover-discovery-sport-is-dead,tr,https://www.obd2hq.com/tr/news/the-land-rover-discovery-sport-is-dead,404,dynamicParams=false on active news route; historical slug is not in current news dataset
the-land-rover-discovery-sport-is-dead,fr,https://www.obd2hq.com/fr/news/the-land-rover-discovery-sport-is-dead,404,dynamicParams=false on active news route; historical slug is not in current news dataset
the-lexus-ls-refuses-to-die,en,https://www.obd2hq.com/en/news/the-lexus-ls-refuses-to-die,404,dynamicParams=false on active news route; historical slug is not in current news dataset
the-lexus-ls-refuses-to-die,de,https://www.obd2hq.com/de/news/the-lexus-ls-refuses-to-die,404,dynamicParams=false on active news route; historical slug is not in current news dataset
the-lexus-ls-refuses-to-die,es,https://www.obd2hq.com/es/news/the-lexus-ls-refuses-to-die,404,dynamicParams=false on active news route; historical slug is not in current news dataset
the-lexus-ls-refuses-to-die,tr,https://www.obd2hq.com/tr/news/the-lexus-ls-refuses-to-die,404,dynamicParams=false on active news route; historical slug is not in current news dataset
the-lexus-ls-refuses-to-die,fr,https://www.obd2hq.com/fr/news/the-lexus-ls-refuses-to-die,404,dynamicParams=false on active news route; historical slug is not in current news dataset
the-man-behind-the-nissan-juke-is-now-designing-ni,en,https://www.obd2hq.com/en/news/the-man-behind-the-nissan-juke-is-now-designing-ni,404,dynamicParams=false on active news route; historical slug is not in current news dataset
the-man-behind-the-nissan-juke-is-now-designing-ni,de,https://www.obd2hq.com/de/news/the-man-behind-the-nissan-juke-is-now-designing-ni,404,dynamicParams=false on active news route; historical slug is not in current news dataset
the-man-behind-the-nissan-juke-is-now-designing-ni,es,https://www.obd2hq.com/es/news/the-man-behind-the-nissan-juke-is-now-designing-ni,404,dynamicParams=false on active news route; historical slug is not in current news dataset
the-man-behind-the-nissan-juke-is-now-designing-ni,tr,https://www.obd2hq.com/tr/news/the-man-behind-the-nissan-juke-is-now-designing-ni,404,dynamicParams=false on active news route; historical slug is not in current news dataset
the-man-behind-the-nissan-juke-is-now-designing-ni,fr,https://www.obd2hq.com/fr/news/the-man-behind-the-nissan-juke-is-now-designing-ni,404,dynamicParams=false on active news route; historical slug is not in current news dataset
the-maserati-project-gt4-is-the-race-car-you-didnt,en,https://www.obd2hq.com/en/news/the-maserati-project-gt4-is-the-race-car-you-didnt,404,dynamicParams=false on active news route; historical slug is not in current news dataset
the-maserati-project-gt4-is-the-race-car-you-didnt,de,https://www.obd2hq.com/de/news/the-maserati-project-gt4-is-the-race-car-you-didnt,404,dynamicParams=false on active news route; historical slug is not in current news dataset
the-maserati-project-gt4-is-the-race-car-you-didnt,es,https://www.obd2hq.com/es/news/the-maserati-project-gt4-is-the-race-car-you-didnt,404,dynamicParams=false on active news route; historical slug is not in current news dataset
the-maserati-project-gt4-is-the-race-car-you-didnt,tr,https://www.obd2hq.com/tr/news/the-maserati-project-gt4-is-the-race-car-you-didnt,404,dynamicParams=false on active news route; historical slug is not in current news dataset
the-maserati-project-gt4-is-the-race-car-you-didnt,fr,https://www.obd2hq.com/fr/news/the-maserati-project-gt4-is-the-race-car-you-didnt,404,dynamicParams=false on active news route; historical slug is not in current news dataset
the-nations-largest-tire-retailer-just-got-bigger,en,https://www.obd2hq.com/en/news/the-nations-largest-tire-retailer-just-got-bigger,404,dynamicParams=false on active news route; historical slug is not in current news dataset
the-nations-largest-tire-retailer-just-got-bigger,de,https://www.obd2hq.com/de/news/the-nations-largest-tire-retailer-just-got-bigger,404,dynamicParams=false on active news route; historical slug is not in current news dataset
the-nations-largest-tire-retailer-just-got-bigger,es,https://www.obd2hq.com/es/news/the-nations-largest-tire-retailer-just-got-bigger,404,dynamicParams=false on active news route; historical slug is not in current news dataset
the-nations-largest-tire-retailer-just-got-bigger,tr,https://www.obd2hq.com/tr/news/the-nations-largest-tire-retailer-just-got-bigger,404,dynamicParams=false on active news route; historical slug is not in current news dataset
the-nations-largest-tire-retailer-just-got-bigger,fr,https://www.obd2hq.com/fr/news/the-nations-largest-tire-retailer-just-got-bigger,404,dynamicParams=false on active news route; historical slug is not in current news dataset
the-need-for-speed-franchise-may-be-on-life-suppor,en,https://www.obd2hq.com/en/news/the-need-for-speed-franchise-may-be-on-life-suppor,404,dynamicParams=false on active news route; historical slug is not in current news dataset
the-need-for-speed-franchise-may-be-on-life-suppor,de,https://www.obd2hq.com/de/news/the-need-for-speed-franchise-may-be-on-life-suppor,404,dynamicParams=false on active news route; historical slug is not in current news dataset
the-need-for-speed-franchise-may-be-on-life-suppor,es,https://www.obd2hq.com/es/news/the-need-for-speed-franchise-may-be-on-life-suppor,404,dynamicParams=false on active news route; historical slug is not in current news dataset
the-need-for-speed-franchise-may-be-on-life-suppor,tr,https://www.obd2hq.com/tr/news/the-need-for-speed-franchise-may-be-on-life-suppor,404,dynamicParams=false on active news route; historical slug is not in current news dataset
the-need-for-speed-franchise-may-be-on-life-suppor,fr,https://www.obd2hq.com/fr/news/the-need-for-speed-franchise-may-be-on-life-suppor,404,dynamicParams=false on active news route; historical slug is not in current news dataset
the-new-bmw-x5-costs-over-95000-with-every-option,en,https://www.obd2hq.com/en/news/the-new-bmw-x5-costs-over-95000-with-every-option,404,dynamicParams=false on active news route; historical slug is not in current news dataset
the-new-bmw-x5-costs-over-95000-with-every-option,de,https://www.obd2hq.com/de/news/the-new-bmw-x5-costs-over-95000-with-every-option,404,dynamicParams=false on active news route; historical slug is not in current news dataset
the-new-bmw-x5-costs-over-95000-with-every-option,es,https://www.obd2hq.com/es/news/the-new-bmw-x5-costs-over-95000-with-every-option,404,dynamicParams=false on active news route; historical slug is not in current news dataset
the-new-bmw-x5-costs-over-95000-with-every-option,tr,https://www.obd2hq.com/tr/news/the-new-bmw-x5-costs-over-95000-with-every-option,404,dynamicParams=false on active news route; historical slug is not in current news dataset
the-new-bmw-x5-costs-over-95000-with-every-option,fr,https://www.obd2hq.com/fr/news/the-new-bmw-x5-costs-over-95000-with-every-option,404,dynamicParams=false on active news route; historical slug is not in current news dataset
the-new-maybach-gls-shows-its-face-for-the-first-t,en,https://www.obd2hq.com/en/news/the-new-maybach-gls-shows-its-face-for-the-first-t,404,dynamicParams=false on active news route; historical slug is not in current news dataset
the-new-maybach-gls-shows-its-face-for-the-first-t,de,https://www.obd2hq.com/de/news/the-new-maybach-gls-shows-its-face-for-the-first-t,404,dynamicParams=false on active news route; historical slug is not in current news dataset
the-new-maybach-gls-shows-its-face-for-the-first-t,es,https://www.obd2hq.com/es/news/the-new-maybach-gls-shows-its-face-for-the-first-t,404,dynamicParams=false on active news route; historical slug is not in current news dataset
the-new-maybach-gls-shows-its-face-for-the-first-t,tr,https://www.obd2hq.com/tr/news/the-new-maybach-gls-shows-its-face-for-the-first-t,404,dynamicParams=false on active news route; historical slug is not in current news dataset
the-new-maybach-gls-shows-its-face-for-the-first-t,fr,https://www.obd2hq.com/fr/news/the-new-maybach-gls-shows-its-face-for-the-first-t,404,dynamicParams=false on active news route; historical slug is not in current news dataset
the-new-mercedes-gla-debuts-next-week,en,https://www.obd2hq.com/en/news/the-new-mercedes-gla-debuts-next-week,404,dynamicParams=false on active news route; historical slug is not in current news dataset
the-new-mercedes-gla-debuts-next-week,de,https://www.obd2hq.com/de/news/the-new-mercedes-gla-debuts-next-week,404,dynamicParams=false on active news route; historical slug is not in current news dataset
the-new-mercedes-gla-debuts-next-week,es,https://www.obd2hq.com/es/news/the-new-mercedes-gla-debuts-next-week,404,dynamicParams=false on active news route; historical slug is not in current news dataset
the-new-mercedes-gla-debuts-next-week,tr,https://www.obd2hq.com/tr/news/the-new-mercedes-gla-debuts-next-week,404,dynamicParams=false on active news route; historical slug is not in current news dataset
the-new-mercedes-gla-debuts-next-week,fr,https://www.obd2hq.com/fr/news/the-new-mercedes-gla-debuts-next-week,404,dynamicParams=false on active news route; historical slug is not in current news dataset
the-new-mercedes-maybach-gls-debuts-with-more-powe,en,https://www.obd2hq.com/en/news/the-new-mercedes-maybach-gls-debuts-with-more-powe,404,dynamicParams=false on active news route; historical slug is not in current news dataset
the-new-mercedes-maybach-gls-debuts-with-more-powe,de,https://www.obd2hq.com/de/news/the-new-mercedes-maybach-gls-debuts-with-more-powe,404,dynamicParams=false on active news route; historical slug is not in current news dataset
the-new-mercedes-maybach-gls-debuts-with-more-powe,es,https://www.obd2hq.com/es/news/the-new-mercedes-maybach-gls-debuts-with-more-powe,404,dynamicParams=false on active news route; historical slug is not in current news dataset
the-new-mercedes-maybach-gls-debuts-with-more-powe,tr,https://www.obd2hq.com/tr/news/the-new-mercedes-maybach-gls-debuts-with-more-powe,404,dynamicParams=false on active news route; historical slug is not in current news dataset
the-new-mercedes-maybach-gls-debuts-with-more-powe,fr,https://www.obd2hq.com/fr/news/the-new-mercedes-maybach-gls-debuts-with-more-powe,404,dynamicParams=false on active news route; historical slug is not in current news dataset
the-new-nissan-leaf-nismo-is-all-show-without-the,en,https://www.obd2hq.com/en/news/the-new-nissan-leaf-nismo-is-all-show-without-the,404,dynamicParams=false on active news route; historical slug is not in current news dataset
the-new-nissan-leaf-nismo-is-all-show-without-the,de,https://www.obd2hq.com/de/news/the-new-nissan-leaf-nismo-is-all-show-without-the,404,dynamicParams=false on active news route; historical slug is not in current news dataset
the-new-nissan-leaf-nismo-is-all-show-without-the,es,https://www.obd2hq.com/es/news/the-new-nissan-leaf-nismo-is-all-show-without-the,404,dynamicParams=false on active news route; historical slug is not in current news dataset
the-new-nissan-leaf-nismo-is-all-show-without-the,tr,https://www.obd2hq.com/tr/news/the-new-nissan-leaf-nismo-is-all-show-without-the,404,dynamicParams=false on active news route; historical slug is not in current news dataset
the-new-nissan-leaf-nismo-is-all-show-without-the,fr,https://www.obd2hq.com/fr/news/the-new-nissan-leaf-nismo-is-all-show-without-the,404,dynamicParams=false on active news route; historical slug is not in current news dataset
the-next-alfa-romeo-stelvio-wont-arrive-until-late,en,https://www.obd2hq.com/en/news/the-next-alfa-romeo-stelvio-wont-arrive-until-late,404,dynamicParams=false on active news route; historical slug is not in current news dataset
the-next-alfa-romeo-stelvio-wont-arrive-until-late,de,https://www.obd2hq.com/de/news/the-next-alfa-romeo-stelvio-wont-arrive-until-late,404,dynamicParams=false on active news route; historical slug is not in current news dataset
the-next-alfa-romeo-stelvio-wont-arrive-until-late,es,https://www.obd2hq.com/es/news/the-next-alfa-romeo-stelvio-wont-arrive-until-late,404,dynamicParams=false on active news route; historical slug is not in current news dataset
the-next-alfa-romeo-stelvio-wont-arrive-until-late,tr,https://www.obd2hq.com/tr/news/the-next-alfa-romeo-stelvio-wont-arrive-until-late,404,dynamicParams=false on active news route; historical slug is not in current news dataset
the-next-alfa-romeo-stelvio-wont-arrive-until-late,fr,https://www.obd2hq.com/fr/news/the-next-alfa-romeo-stelvio-wont-arrive-until-late,404,dynamicParams=false on active news route; historical slug is not in current news dataset
the-next-chevy-camaro-could-be-a-four-door-perform,en,https://www.obd2hq.com/en/news/the-next-chevy-camaro-could-be-a-four-door-perform,404,dynamicParams=false on active news route; historical slug is not in current news dataset
the-next-chevy-camaro-could-be-a-four-door-perform,de,https://www.obd2hq.com/de/news/the-next-chevy-camaro-could-be-a-four-door-perform,404,dynamicParams=false on active news route; historical slug is not in current news dataset
the-next-chevy-camaro-could-be-a-four-door-perform,es,https://www.obd2hq.com/es/news/the-next-chevy-camaro-could-be-a-four-door-perform,404,dynamicParams=false on active news route; historical slug is not in current news dataset
the-next-chevy-camaro-could-be-a-four-door-perform,tr,https://www.obd2hq.com/tr/news/the-next-chevy-camaro-could-be-a-four-door-perform,404,dynamicParams=false on active news route; historical slug is not in current news dataset
the-next-chevy-camaro-could-be-a-four-door-perform,fr,https://www.obd2hq.com/fr/news/the-next-chevy-camaro-could-be-a-four-door-perform,404,dynamicParams=false on active news route; historical slug is not in current news dataset
the-nissan-altima-isnt-dead-yet-update,en,https://www.obd2hq.com/en/news/the-nissan-altima-isnt-dead-yet-update,404,dynamicParams=false on active news route; historical slug is not in current news dataset
the-nissan-altima-isnt-dead-yet-update,de,https://www.obd2hq.com/de/news/the-nissan-altima-isnt-dead-yet-update,404,dynamicParams=false on active news route; historical slug is not in current news dataset
the-nissan-altima-isnt-dead-yet-update,es,https://www.obd2hq.com/es/news/the-nissan-altima-isnt-dead-yet-update,404,dynamicParams=false on active news route; historical slug is not in current news dataset
the-nissan-altima-isnt-dead-yet-update,tr,https://www.obd2hq.com/tr/news/the-nissan-altima-isnt-dead-yet-update,404,dynamicParams=false on active news route; historical slug is not in current news dataset
the-nissan-altima-isnt-dead-yet-update,fr,https://www.obd2hq.com/fr/news/the-nissan-altima-isnt-dead-yet-update,404,dynamicParams=false on active news route; historical slug is not in current news dataset
the-range-rover-gt-is-the-most-car-like-range-rove,en,https://www.obd2hq.com/en/news/the-range-rover-gt-is-the-most-car-like-range-rove,404,dynamicParams=false on active news route; historical slug is not in current news dataset
the-range-rover-gt-is-the-most-car-like-range-rove,de,https://www.obd2hq.com/de/news/the-range-rover-gt-is-the-most-car-like-range-rove,404,dynamicParams=false on active news route; historical slug is not in current news dataset
the-range-rover-gt-is-the-most-car-like-range-rove,es,https://www.obd2hq.com/es/news/the-range-rover-gt-is-the-most-car-like-range-rove,404,dynamicParams=false on active news route; historical slug is not in current news dataset
the-range-rover-gt-is-the-most-car-like-range-rove,tr,https://www.obd2hq.com/tr/news/the-range-rover-gt-is-the-most-car-like-range-rove,404,dynamicParams=false on active news route; historical slug is not in current news dataset
the-range-rover-gt-is-the-most-car-like-range-rove,fr,https://www.obd2hq.com/fr/news/the-range-rover-gt-is-the-most-car-like-range-rove,404,dynamicParams=false on active news route; historical slug is not in current news dataset
the-range-rover-sport-is-going-electric-first-look,en,https://www.obd2hq.com/en/news/the-range-rover-sport-is-going-electric-first-look,404,dynamicParams=false on active news route; historical slug is not in current news dataset
the-range-rover-sport-is-going-electric-first-look,de,https://www.obd2hq.com/de/news/the-range-rover-sport-is-going-electric-first-look,404,dynamicParams=false on active news route; historical slug is not in current news dataset
the-range-rover-sport-is-going-electric-first-look,es,https://www.obd2hq.com/es/news/the-range-rover-sport-is-going-electric-first-look,404,dynamicParams=false on active news route; historical slug is not in current news dataset
the-range-rover-sport-is-going-electric-first-look,tr,https://www.obd2hq.com/tr/news/the-range-rover-sport-is-going-electric-first-look,404,dynamicParams=false on active news route; historical slug is not in current news dataset
the-range-rover-sport-is-going-electric-first-look,fr,https://www.obd2hq.com/fr/news/the-range-rover-sport-is-going-electric-first-look,404,dynamicParams=false on active news route; historical slug is not in current news dataset
the-super-bee-is-back-dodges-newest-charger-packs,en,https://www.obd2hq.com/en/news/the-super-bee-is-back-dodges-newest-charger-packs,404,dynamicParams=false on active news route; historical slug is not in current news dataset
the-super-bee-is-back-dodges-newest-charger-packs,de,https://www.obd2hq.com/de/news/the-super-bee-is-back-dodges-newest-charger-packs,404,dynamicParams=false on active news route; historical slug is not in current news dataset
the-super-bee-is-back-dodges-newest-charger-packs,es,https://www.obd2hq.com/es/news/the-super-bee-is-back-dodges-newest-charger-packs,404,dynamicParams=false on active news route; historical slug is not in current news dataset
the-super-bee-is-back-dodges-newest-charger-packs,tr,https://www.obd2hq.com/tr/news/the-super-bee-is-back-dodges-newest-charger-packs,404,dynamicParams=false on active news route; historical slug is not in current news dataset
the-super-bee-is-back-dodges-newest-charger-packs,fr,https://www.obd2hq.com/fr/news/the-super-bee-is-back-dodges-newest-charger-packs,404,dynamicParams=false on active news route; historical slug is not in current news dataset
the-toyota-corolla-grmn-costs-supra-money,en,https://www.obd2hq.com/en/news/the-toyota-corolla-grmn-costs-supra-money,404,dynamicParams=false on active news route; historical slug is not in current news dataset
the-toyota-corolla-grmn-costs-supra-money,de,https://www.obd2hq.com/de/news/the-toyota-corolla-grmn-costs-supra-money,404,dynamicParams=false on active news route; historical slug is not in current news dataset
the-toyota-corolla-grmn-costs-supra-money,es,https://www.obd2hq.com/es/news/the-toyota-corolla-grmn-costs-supra-money,404,dynamicParams=false on active news route; historical slug is not in current news dataset
the-toyota-corolla-grmn-costs-supra-money,tr,https://www.obd2hq.com/tr/news/the-toyota-corolla-grmn-costs-supra-money,404,dynamicParams=false on active news route; historical slug is not in current news dataset
the-toyota-corolla-grmn-costs-supra-money,fr,https://www.obd2hq.com/fr/news/the-toyota-corolla-grmn-costs-supra-money,404,dynamicParams=false on active news route; historical slug is not in current news dataset
the-volkswagen-atlas-just-got-more-expensive,en,https://www.obd2hq.com/en/news/the-volkswagen-atlas-just-got-more-expensive,404,dynamicParams=false on active news route; historical slug is not in current news dataset
the-volkswagen-atlas-just-got-more-expensive,de,https://www.obd2hq.com/de/news/the-volkswagen-atlas-just-got-more-expensive,404,dynamicParams=false on active news route; historical slug is not in current news dataset
the-volkswagen-atlas-just-got-more-expensive,es,https://www.obd2hq.com/es/news/the-volkswagen-atlas-just-got-more-expensive,404,dynamicParams=false on active news route; historical slug is not in current news dataset
the-volkswagen-atlas-just-got-more-expensive,tr,https://www.obd2hq.com/tr/news/the-volkswagen-atlas-just-got-more-expensive,404,dynamicParams=false on active news route; historical slug is not in current news dataset
the-volkswagen-atlas-just-got-more-expensive,fr,https://www.obd2hq.com/fr/news/the-volkswagen-atlas-just-got-more-expensive,404,dynamicParams=false on active news route; historical slug is not in current news dataset
these-automakers-have-the-most-visited-websites,en,https://www.obd2hq.com/en/news/these-automakers-have-the-most-visited-websites,404,dynamicParams=false on active news route; historical slug is not in current news dataset
these-automakers-have-the-most-visited-websites,de,https://www.obd2hq.com/de/news/these-automakers-have-the-most-visited-websites,404,dynamicParams=false on active news route; historical slug is not in current news dataset
these-automakers-have-the-most-visited-websites,es,https://www.obd2hq.com/es/news/these-automakers-have-the-most-visited-websites,404,dynamicParams=false on active news route; historical slug is not in current news dataset
these-automakers-have-the-most-visited-websites,tr,https://www.obd2hq.com/tr/news/these-automakers-have-the-most-visited-websites,404,dynamicParams=false on active news route; historical slug is not in current news dataset
these-automakers-have-the-most-visited-websites,fr,https://www.obd2hq.com/fr/news/these-automakers-have-the-most-visited-websites,404,dynamicParams=false on active news route; historical slug is not in current news dataset
this-700-hp-mid-engine-v8-says-it-can-outsprint-a,en,https://www.obd2hq.com/en/news/this-700-hp-mid-engine-v8-says-it-can-outsprint-a,404,dynamicParams=false on active news route; historical slug is not in current news dataset
this-700-hp-mid-engine-v8-says-it-can-outsprint-a,de,https://www.obd2hq.com/de/news/this-700-hp-mid-engine-v8-says-it-can-outsprint-a,404,dynamicParams=false on active news route; historical slug is not in current news dataset
this-700-hp-mid-engine-v8-says-it-can-outsprint-a,es,https://www.obd2hq.com/es/news/this-700-hp-mid-engine-v8-says-it-can-outsprint-a,404,dynamicParams=false on active news route; historical slug is not in current news dataset
this-700-hp-mid-engine-v8-says-it-can-outsprint-a,tr,https://www.obd2hq.com/tr/news/this-700-hp-mid-engine-v8-says-it-can-outsprint-a,404,dynamicParams=false on active news route; historical slug is not in current news dataset
this-700-hp-mid-engine-v8-says-it-can-outsprint-a,fr,https://www.obd2hq.com/fr/news/this-700-hp-mid-engine-v8-says-it-can-outsprint-a,404,dynamicParams=false on active news route; historical slug is not in current news dataset
this-700-hp-mid-engine-v8-supercar-says-it-can-out,en,https://www.obd2hq.com/en/news/this-700-hp-mid-engine-v8-supercar-says-it-can-out,404,dynamicParams=false on active news route; historical slug is not in current news dataset
this-700-hp-mid-engine-v8-supercar-says-it-can-out,de,https://www.obd2hq.com/de/news/this-700-hp-mid-engine-v8-supercar-says-it-can-out,404,dynamicParams=false on active news route; historical slug is not in current news dataset
this-700-hp-mid-engine-v8-supercar-says-it-can-out,es,https://www.obd2hq.com/es/news/this-700-hp-mid-engine-v8-supercar-says-it-can-out,404,dynamicParams=false on active news route; historical slug is not in current news dataset
this-700-hp-mid-engine-v8-supercar-says-it-can-out,tr,https://www.obd2hq.com/tr/news/this-700-hp-mid-engine-v8-supercar-says-it-can-out,404,dynamicParams=false on active news route; historical slug is not in current news dataset
this-700-hp-mid-engine-v8-supercar-says-it-can-out,fr,https://www.obd2hq.com/fr/news/this-700-hp-mid-engine-v8-supercar-says-it-can-out,404,dynamicParams=false on active news route; historical slug is not in current news dataset
this-clever-new-ev-drive-system-achieves-incredibl,en,https://www.obd2hq.com/en/news/this-clever-new-ev-drive-system-achieves-incredibl,404,dynamicParams=false on active news route; historical slug is not in current news dataset
this-clever-new-ev-drive-system-achieves-incredibl,de,https://www.obd2hq.com/de/news/this-clever-new-ev-drive-system-achieves-incredibl,404,dynamicParams=false on active news route; historical slug is not in current news dataset
this-clever-new-ev-drive-system-achieves-incredibl,es,https://www.obd2hq.com/es/news/this-clever-new-ev-drive-system-achieves-incredibl,404,dynamicParams=false on active news route; historical slug is not in current news dataset
this-clever-new-ev-drive-system-achieves-incredibl,tr,https://www.obd2hq.com/tr/news/this-clever-new-ev-drive-system-achieves-incredibl,404,dynamicParams=false on active news route; historical slug is not in current news dataset
this-clever-new-ev-drive-system-achieves-incredibl,fr,https://www.obd2hq.com/fr/news/this-clever-new-ev-drive-system-achieves-incredibl,404,dynamicParams=false on active news route; historical slug is not in current news dataset
this-is-one-of-the-rarest-mercedes-g-classes-ever,en,https://www.obd2hq.com/en/news/this-is-one-of-the-rarest-mercedes-g-classes-ever,404,dynamicParams=false on active news route; historical slug is not in current news dataset
this-is-one-of-the-rarest-mercedes-g-classes-ever,de,https://www.obd2hq.com/de/news/this-is-one-of-the-rarest-mercedes-g-classes-ever,404,dynamicParams=false on active news route; historical slug is not in current news dataset
this-is-one-of-the-rarest-mercedes-g-classes-ever,es,https://www.obd2hq.com/es/news/this-is-one-of-the-rarest-mercedes-g-classes-ever,404,dynamicParams=false on active news route; historical slug is not in current news dataset
this-is-one-of-the-rarest-mercedes-g-classes-ever,tr,https://www.obd2hq.com/tr/news/this-is-one-of-the-rarest-mercedes-g-classes-ever,404,dynamicParams=false on active news route; historical slug is not in current news dataset
this-is-one-of-the-rarest-mercedes-g-classes-ever,fr,https://www.obd2hq.com/fr/news/this-is-one-of-the-rarest-mercedes-g-classes-ever,404,dynamicParams=false on active news route; historical slug is not in current news dataset
this-is-why-volkswagen-group-is-in-trouble-again,en,https://www.obd2hq.com/en/news/this-is-why-volkswagen-group-is-in-trouble-again,404,dynamicParams=false on active news route; historical slug is not in current news dataset
this-is-why-volkswagen-group-is-in-trouble-again,de,https://www.obd2hq.com/de/news/this-is-why-volkswagen-group-is-in-trouble-again,404,dynamicParams=false on active news route; historical slug is not in current news dataset
this-is-why-volkswagen-group-is-in-trouble-again,es,https://www.obd2hq.com/es/news/this-is-why-volkswagen-group-is-in-trouble-again,404,dynamicParams=false on active news route; historical slug is not in current news dataset
this-is-why-volkswagen-group-is-in-trouble-again,tr,https://www.obd2hq.com/tr/news/this-is-why-volkswagen-group-is-in-trouble-again,404,dynamicParams=false on active news route; historical slug is not in current news dataset
this-is-why-volkswagen-group-is-in-trouble-again,fr,https://www.obd2hq.com/fr/news/this-is-why-volkswagen-group-is-in-trouble-again,404,dynamicParams=false on active news route; historical slug is not in current news dataset
this-lovely-mercedes-190-evo-ii-restomod-packs-765,en,https://www.obd2hq.com/en/news/this-lovely-mercedes-190-evo-ii-restomod-packs-765,404,dynamicParams=false on active news route; historical slug is not in current news dataset
this-lovely-mercedes-190-evo-ii-restomod-packs-765,de,https://www.obd2hq.com/de/news/this-lovely-mercedes-190-evo-ii-restomod-packs-765,404,dynamicParams=false on active news route; historical slug is not in current news dataset
this-lovely-mercedes-190-evo-ii-restomod-packs-765,es,https://www.obd2hq.com/es/news/this-lovely-mercedes-190-evo-ii-restomod-packs-765,404,dynamicParams=false on active news route; historical slug is not in current news dataset
this-lovely-mercedes-190-evo-ii-restomod-packs-765,tr,https://www.obd2hq.com/tr/news/this-lovely-mercedes-190-evo-ii-restomod-packs-765,404,dynamicParams=false on active news route; historical slug is not in current news dataset
this-lovely-mercedes-190-evo-ii-restomod-packs-765,fr,https://www.obd2hq.com/fr/news/this-lovely-mercedes-190-evo-ii-restomod-packs-765,404,dynamicParams=false on active news route; historical slug is not in current news dataset
this-new-engine-runs-on-methanol-and-could-give-ev,en,https://www.obd2hq.com/en/news/this-new-engine-runs-on-methanol-and-could-give-ev,404,dynamicParams=false on active news route; historical slug is not in current news dataset
this-new-engine-runs-on-methanol-and-could-give-ev,de,https://www.obd2hq.com/de/news/this-new-engine-runs-on-methanol-and-could-give-ev,404,dynamicParams=false on active news route; historical slug is not in current news dataset
this-new-engine-runs-on-methanol-and-could-give-ev,es,https://www.obd2hq.com/es/news/this-new-engine-runs-on-methanol-and-could-give-ev,404,dynamicParams=false on active news route; historical slug is not in current news dataset
this-new-engine-runs-on-methanol-and-could-give-ev,tr,https://www.obd2hq.com/tr/news/this-new-engine-runs-on-methanol-and-could-give-ev,404,dynamicParams=false on active news route; historical slug is not in current news dataset
this-new-engine-runs-on-methanol-and-could-give-ev,fr,https://www.obd2hq.com/fr/news/this-new-engine-runs-on-methanol-and-could-give-ev,404,dynamicParams=false on active news route; historical slug is not in current news dataset
this-new-ford-bronco-visual-package-goes-heavy-on,en,https://www.obd2hq.com/en/news/this-new-ford-bronco-visual-package-goes-heavy-on,404,dynamicParams=false on active news route; historical slug is not in current news dataset
this-new-ford-bronco-visual-package-goes-heavy-on,de,https://www.obd2hq.com/de/news/this-new-ford-bronco-visual-package-goes-heavy-on,404,dynamicParams=false on active news route; historical slug is not in current news dataset
this-new-ford-bronco-visual-package-goes-heavy-on,es,https://www.obd2hq.com/es/news/this-new-ford-bronco-visual-package-goes-heavy-on,404,dynamicParams=false on active news route; historical slug is not in current news dataset
this-new-ford-bronco-visual-package-goes-heavy-on,tr,https://www.obd2hq.com/tr/news/this-new-ford-bronco-visual-package-goes-heavy-on,404,dynamicParams=false on active news route; historical slug is not in current news dataset
this-new-ford-bronco-visual-package-goes-heavy-on,fr,https://www.obd2hq.com/fr/news/this-new-ford-bronco-visual-package-goes-heavy-on,404,dynamicParams=false on active news route; historical slug is not in current news dataset
this-new-italian-supercar-packs-a-naturally-aspira,en,https://www.obd2hq.com/en/news/this-new-italian-supercar-packs-a-naturally-aspira,404,dynamicParams=false on active news route; historical slug is not in current news dataset
this-new-italian-supercar-packs-a-naturally-aspira,de,https://www.obd2hq.com/de/news/this-new-italian-supercar-packs-a-naturally-aspira,404,dynamicParams=false on active news route; historical slug is not in current news dataset
this-new-italian-supercar-packs-a-naturally-aspira,es,https://www.obd2hq.com/es/news/this-new-italian-supercar-packs-a-naturally-aspira,404,dynamicParams=false on active news route; historical slug is not in current news dataset
this-new-italian-supercar-packs-a-naturally-aspira,tr,https://www.obd2hq.com/tr/news/this-new-italian-supercar-packs-a-naturally-aspira,404,dynamicParams=false on active news route; historical slug is not in current news dataset
this-new-italian-supercar-packs-a-naturally-aspira,fr,https://www.obd2hq.com/fr/news/this-new-italian-supercar-packs-a-naturally-aspira,404,dynamicParams=false on active news route; historical slug is not in current news dataset
this-new-italian-supercar-turns-a-porsche-911-into,en,https://www.obd2hq.com/en/news/this-new-italian-supercar-turns-a-porsche-911-into,404,dynamicParams=false on active news route; historical slug is not in current news dataset
this-new-italian-supercar-turns-a-porsche-911-into,de,https://www.obd2hq.com/de/news/this-new-italian-supercar-turns-a-porsche-911-into,404,dynamicParams=false on active news route; historical slug is not in current news dataset
this-new-italian-supercar-turns-a-porsche-911-into,es,https://www.obd2hq.com/es/news/this-new-italian-supercar-turns-a-porsche-911-into,404,dynamicParams=false on active news route; historical slug is not in current news dataset
this-new-italian-supercar-turns-a-porsche-911-into,tr,https://www.obd2hq.com/tr/news/this-new-italian-supercar-turns-a-porsche-911-into,404,dynamicParams=false on active news route; historical slug is not in current news dataset
this-new-italian-supercar-turns-a-porsche-911-into,fr,https://www.obd2hq.com/fr/news/this-new-italian-supercar-turns-a-porsche-911-into,404,dynamicParams=false on active news route; historical slug is not in current news dataset
this-spanish-hypercar-puts-the-driver-ahead-of-the,en,https://www.obd2hq.com/en/news/this-spanish-hypercar-puts-the-driver-ahead-of-the,404,dynamicParams=false on active news route; historical slug is not in current news dataset
this-spanish-hypercar-puts-the-driver-ahead-of-the,de,https://www.obd2hq.com/de/news/this-spanish-hypercar-puts-the-driver-ahead-of-the,404,dynamicParams=false on active news route; historical slug is not in current news dataset
this-spanish-hypercar-puts-the-driver-ahead-of-the,es,https://www.obd2hq.com/es/news/this-spanish-hypercar-puts-the-driver-ahead-of-the,404,dynamicParams=false on active news route; historical slug is not in current news dataset
this-spanish-hypercar-puts-the-driver-ahead-of-the,tr,https://www.obd2hq.com/tr/news/this-spanish-hypercar-puts-the-driver-ahead-of-the,404,dynamicParams=false on active news route; historical slug is not in current news dataset
this-spanish-hypercar-puts-the-driver-ahead-of-the,fr,https://www.obd2hq.com/fr/news/this-spanish-hypercar-puts-the-driver-ahead-of-the,404,dynamicParams=false on active news route; historical slug is not in current news dataset
this-supercharged-corvette-hit-300000-miles-on-its,en,https://www.obd2hq.com/en/news/this-supercharged-corvette-hit-300000-miles-on-its,404,dynamicParams=false on active news route; historical slug is not in current news dataset
this-supercharged-corvette-hit-300000-miles-on-its,de,https://www.obd2hq.com/de/news/this-supercharged-corvette-hit-300000-miles-on-its,404,dynamicParams=false on active news route; historical slug is not in current news dataset
this-supercharged-corvette-hit-300000-miles-on-its,es,https://www.obd2hq.com/es/news/this-supercharged-corvette-hit-300000-miles-on-its,404,dynamicParams=false on active news route; historical slug is not in current news dataset
this-supercharged-corvette-hit-300000-miles-on-its,tr,https://www.obd2hq.com/tr/news/this-supercharged-corvette-hit-300000-miles-on-its,404,dynamicParams=false on active news route; historical slug is not in current news dataset
this-supercharged-corvette-hit-300000-miles-on-its,fr,https://www.obd2hq.com/fr/news/this-supercharged-corvette-hit-300000-miles-on-its,404,dynamicParams=false on active news route; historical slug is not in current news dataset
this-tiny-hatchback-is-the-best-selling-car-in-chi,en,https://www.obd2hq.com/en/news/this-tiny-hatchback-is-the-best-selling-car-in-chi,404,dynamicParams=false on active news route; historical slug is not in current news dataset
this-tiny-hatchback-is-the-best-selling-car-in-chi,de,https://www.obd2hq.com/de/news/this-tiny-hatchback-is-the-best-selling-car-in-chi,404,dynamicParams=false on active news route; historical slug is not in current news dataset
this-tiny-hatchback-is-the-best-selling-car-in-chi,es,https://www.obd2hq.com/es/news/this-tiny-hatchback-is-the-best-selling-car-in-chi,404,dynamicParams=false on active news route; historical slug is not in current news dataset
this-tiny-hatchback-is-the-best-selling-car-in-chi,tr,https://www.obd2hq.com/tr/news/this-tiny-hatchback-is-the-best-selling-car-in-chi,404,dynamicParams=false on active news route; historical slug is not in current news dataset
this-tiny-hatchback-is-the-best-selling-car-in-chi,fr,https://www.obd2hq.com/fr/news/this-tiny-hatchback-is-the-best-selling-car-in-chi,404,dynamicParams=false on active news route; historical slug is not in current news dataset
this-trailer-drives-itself-into-the-campsite,en,https://www.obd2hq.com/en/news/this-trailer-drives-itself-into-the-campsite,404,dynamicParams=false on active news route; historical slug is not in current news dataset
this-trailer-drives-itself-into-the-campsite,de,https://www.obd2hq.com/de/news/this-trailer-drives-itself-into-the-campsite,404,dynamicParams=false on active news route; historical slug is not in current news dataset
this-trailer-drives-itself-into-the-campsite,es,https://www.obd2hq.com/es/news/this-trailer-drives-itself-into-the-campsite,404,dynamicParams=false on active news route; historical slug is not in current news dataset
this-trailer-drives-itself-into-the-campsite,tr,https://www.obd2hq.com/tr/news/this-trailer-drives-itself-into-the-campsite,404,dynamicParams=false on active news route; historical slug is not in current news dataset
this-trailer-drives-itself-into-the-campsite,fr,https://www.obd2hq.com/fr/news/this-trailer-drives-itself-into-the-campsite,404,dynamicParams=false on active news route; historical slug is not in current news dataset
this-v12-ferrari-based-shooting-brake-is-a-glass-m,en,https://www.obd2hq.com/en/news/this-v12-ferrari-based-shooting-brake-is-a-glass-m,404,dynamicParams=false on active news route; historical slug is not in current news dataset
this-v12-ferrari-based-shooting-brake-is-a-glass-m,de,https://www.obd2hq.com/de/news/this-v12-ferrari-based-shooting-brake-is-a-glass-m,404,dynamicParams=false on active news route; historical slug is not in current news dataset
this-v12-ferrari-based-shooting-brake-is-a-glass-m,es,https://www.obd2hq.com/es/news/this-v12-ferrari-based-shooting-brake-is-a-glass-m,404,dynamicParams=false on active news route; historical slug is not in current news dataset
this-v12-ferrari-based-shooting-brake-is-a-glass-m,tr,https://www.obd2hq.com/tr/news/this-v12-ferrari-based-shooting-brake-is-a-glass-m,404,dynamicParams=false on active news route; historical slug is not in current news dataset
this-v12-ferrari-based-shooting-brake-is-a-glass-m,fr,https://www.obd2hq.com/fr/news/this-v12-ferrari-based-shooting-brake-is-a-glass-m,404,dynamicParams=false on active news route; historical slug is not in current news dataset
top-gear-star-richard-hammond-hit-with-2300-speedi,en,https://www.obd2hq.com/en/news/top-gear-star-richard-hammond-hit-with-2300-speedi,404,dynamicParams=false on active news route; historical slug is not in current news dataset
top-gear-star-richard-hammond-hit-with-2300-speedi,de,https://www.obd2hq.com/de/news/top-gear-star-richard-hammond-hit-with-2300-speedi,404,dynamicParams=false on active news route; historical slug is not in current news dataset
top-gear-star-richard-hammond-hit-with-2300-speedi,es,https://www.obd2hq.com/es/news/top-gear-star-richard-hammond-hit-with-2300-speedi,404,dynamicParams=false on active news route; historical slug is not in current news dataset
top-gear-star-richard-hammond-hit-with-2300-speedi,tr,https://www.obd2hq.com/tr/news/top-gear-star-richard-hammond-hit-with-2300-speedi,404,dynamicParams=false on active news route; historical slug is not in current news dataset
top-gear-star-richard-hammond-hit-with-2300-speedi,fr,https://www.obd2hq.com/fr/news/top-gear-star-richard-hammond-hit-with-2300-speedi,404,dynamicParams=false on active news route; historical slug is not in current news dataset
toyota-removed-the-rav4s-buttons-now-it-might-brin,en,https://www.obd2hq.com/en/news/toyota-removed-the-rav4s-buttons-now-it-might-brin,404,dynamicParams=false on active news route; historical slug is not in current news dataset
toyota-removed-the-rav4s-buttons-now-it-might-brin,de,https://www.obd2hq.com/de/news/toyota-removed-the-rav4s-buttons-now-it-might-brin,404,dynamicParams=false on active news route; historical slug is not in current news dataset
toyota-removed-the-rav4s-buttons-now-it-might-brin,es,https://www.obd2hq.com/es/news/toyota-removed-the-rav4s-buttons-now-it-might-brin,404,dynamicParams=false on active news route; historical slug is not in current news dataset
toyota-removed-the-rav4s-buttons-now-it-might-brin,tr,https://www.obd2hq.com/tr/news/toyota-removed-the-rav4s-buttons-now-it-might-brin,404,dynamicParams=false on active news route; historical slug is not in current news dataset
toyota-removed-the-rav4s-buttons-now-it-might-brin,fr,https://www.obd2hq.com/fr/news/toyota-removed-the-rav4s-buttons-now-it-might-brin,404,dynamicParams=false on active news route; historical slug is not in current news dataset
toyota-upgrades-its-funkiest-model-with-a-new-hybr,en,https://www.obd2hq.com/en/news/toyota-upgrades-its-funkiest-model-with-a-new-hybr,404,dynamicParams=false on active news route; historical slug is not in current news dataset
toyota-upgrades-its-funkiest-model-with-a-new-hybr,de,https://www.obd2hq.com/de/news/toyota-upgrades-its-funkiest-model-with-a-new-hybr,404,dynamicParams=false on active news route; historical slug is not in current news dataset
toyota-upgrades-its-funkiest-model-with-a-new-hybr,es,https://www.obd2hq.com/es/news/toyota-upgrades-its-funkiest-model-with-a-new-hybr,404,dynamicParams=false on active news route; historical slug is not in current news dataset
toyota-upgrades-its-funkiest-model-with-a-new-hybr,tr,https://www.obd2hq.com/tr/news/toyota-upgrades-its-funkiest-model-with-a-new-hybr,404,dynamicParams=false on active news route; historical slug is not in current news dataset
toyota-upgrades-its-funkiest-model-with-a-new-hybr,fr,https://www.obd2hq.com/fr/news/toyota-upgrades-its-funkiest-model-with-a-new-hybr,404,dynamicParams=false on active news route; historical slug is not in current news dataset
toyotas-biggest-off-roader-gets-even-more-capable,en,https://www.obd2hq.com/en/news/toyotas-biggest-off-roader-gets-even-more-capable,404,dynamicParams=false on active news route; historical slug is not in current news dataset
toyotas-biggest-off-roader-gets-even-more-capable,de,https://www.obd2hq.com/de/news/toyotas-biggest-off-roader-gets-even-more-capable,404,dynamicParams=false on active news route; historical slug is not in current news dataset
toyotas-biggest-off-roader-gets-even-more-capable,es,https://www.obd2hq.com/es/news/toyotas-biggest-off-roader-gets-even-more-capable,404,dynamicParams=false on active news route; historical slug is not in current news dataset
toyotas-biggest-off-roader-gets-even-more-capable,tr,https://www.obd2hq.com/tr/news/toyotas-biggest-off-roader-gets-even-more-capable,404,dynamicParams=false on active news route; historical slug is not in current news dataset
toyotas-biggest-off-roader-gets-even-more-capable,fr,https://www.obd2hq.com/fr/news/toyotas-biggest-off-roader-gets-even-more-capable,404,dynamicParams=false on active news route; historical slug is not in current news dataset
toyotas-new-trd-pro-paint-is-sweet-as-honey,en,https://www.obd2hq.com/en/news/toyotas-new-trd-pro-paint-is-sweet-as-honey,404,dynamicParams=false on active news route; historical slug is not in current news dataset
toyotas-new-trd-pro-paint-is-sweet-as-honey,de,https://www.obd2hq.com/de/news/toyotas-new-trd-pro-paint-is-sweet-as-honey,404,dynamicParams=false on active news route; historical slug is not in current news dataset
toyotas-new-trd-pro-paint-is-sweet-as-honey,es,https://www.obd2hq.com/es/news/toyotas-new-trd-pro-paint-is-sweet-as-honey,404,dynamicParams=false on active news route; historical slug is not in current news dataset
toyotas-new-trd-pro-paint-is-sweet-as-honey,tr,https://www.obd2hq.com/tr/news/toyotas-new-trd-pro-paint-is-sweet-as-honey,404,dynamicParams=false on active news route; historical slug is not in current news dataset
toyotas-new-trd-pro-paint-is-sweet-as-honey,fr,https://www.obd2hq.com/fr/news/toyotas-new-trd-pro-paint-is-sweet-as-honey,404,dynamicParams=false on active news route; historical slug is not in current news dataset
toyotas-new-v8-supercar-might-be-seriously-rare,en,https://www.obd2hq.com/en/news/toyotas-new-v8-supercar-might-be-seriously-rare,404,dynamicParams=false on active news route; historical slug is not in current news dataset
toyotas-new-v8-supercar-might-be-seriously-rare,de,https://www.obd2hq.com/de/news/toyotas-new-v8-supercar-might-be-seriously-rare,404,dynamicParams=false on active news route; historical slug is not in current news dataset
toyotas-new-v8-supercar-might-be-seriously-rare,es,https://www.obd2hq.com/es/news/toyotas-new-v8-supercar-might-be-seriously-rare,404,dynamicParams=false on active news route; historical slug is not in current news dataset
toyotas-new-v8-supercar-might-be-seriously-rare,tr,https://www.obd2hq.com/tr/news/toyotas-new-v8-supercar-might-be-seriously-rare,404,dynamicParams=false on active news route; historical slug is not in current news dataset
toyotas-new-v8-supercar-might-be-seriously-rare,fr,https://www.obd2hq.com/fr/news/toyotas-new-v8-supercar-might-be-seriously-rare,404,dynamicParams=false on active news route; historical slug is not in current news dataset
toyotas-next-gen-batteries-for-hybrids-arrive-in-2,en,https://www.obd2hq.com/en/news/toyotas-next-gen-batteries-for-hybrids-arrive-in-2,404,dynamicParams=false on active news route; historical slug is not in current news dataset
toyotas-next-gen-batteries-for-hybrids-arrive-in-2,de,https://www.obd2hq.com/de/news/toyotas-next-gen-batteries-for-hybrids-arrive-in-2,404,dynamicParams=false on active news route; historical slug is not in current news dataset
toyotas-next-gen-batteries-for-hybrids-arrive-in-2,es,https://www.obd2hq.com/es/news/toyotas-next-gen-batteries-for-hybrids-arrive-in-2,404,dynamicParams=false on active news route; historical slug is not in current news dataset
toyotas-next-gen-batteries-for-hybrids-arrive-in-2,tr,https://www.obd2hq.com/tr/news/toyotas-next-gen-batteries-for-hybrids-arrive-in-2,404,dynamicParams=false on active news route; historical slug is not in current news dataset
toyotas-next-gen-batteries-for-hybrids-arrive-in-2,fr,https://www.obd2hq.com/fr/news/toyotas-next-gen-batteries-for-hybrids-arrive-in-2,404,dynamicParams=false on active news route; historical slug is not in current news dataset
travis-pastrana-drifts-his-way-up-goodwood-in-a-67,en,https://www.obd2hq.com/en/news/travis-pastrana-drifts-his-way-up-goodwood-in-a-67,404,dynamicParams=false on active news route; historical slug is not in current news dataset
travis-pastrana-drifts-his-way-up-goodwood-in-a-67,de,https://www.obd2hq.com/de/news/travis-pastrana-drifts-his-way-up-goodwood-in-a-67,404,dynamicParams=false on active news route; historical slug is not in current news dataset
travis-pastrana-drifts-his-way-up-goodwood-in-a-67,es,https://www.obd2hq.com/es/news/travis-pastrana-drifts-his-way-up-goodwood-in-a-67,404,dynamicParams=false on active news route; historical slug is not in current news dataset
travis-pastrana-drifts-his-way-up-goodwood-in-a-67,tr,https://www.obd2hq.com/tr/news/travis-pastrana-drifts-his-way-up-goodwood-in-a-67,404,dynamicParams=false on active news route; historical slug is not in current news dataset
travis-pastrana-drifts-his-way-up-goodwood-in-a-67,fr,https://www.obd2hq.com/fr/news/travis-pastrana-drifts-his-way-up-goodwood-in-a-67,404,dynamicParams=false on active news route; historical slug is not in current news dataset
trump-boasts-auto-comeback-michigan-data-says-hes,en,https://www.obd2hq.com/en/news/trump-boasts-auto-comeback-michigan-data-says-hes,404,dynamicParams=false on active news route; historical slug is not in current news dataset
trump-boasts-auto-comeback-michigan-data-says-hes,de,https://www.obd2hq.com/de/news/trump-boasts-auto-comeback-michigan-data-says-hes,404,dynamicParams=false on active news route; historical slug is not in current news dataset
trump-boasts-auto-comeback-michigan-data-says-hes,es,https://www.obd2hq.com/es/news/trump-boasts-auto-comeback-michigan-data-says-hes,404,dynamicParams=false on active news route; historical slug is not in current news dataset
trump-boasts-auto-comeback-michigan-data-says-hes,tr,https://www.obd2hq.com/tr/news/trump-boasts-auto-comeback-michigan-data-says-hes,404,dynamicParams=false on active news route; historical slug is not in current news dataset
trump-boasts-auto-comeback-michigan-data-says-hes,fr,https://www.obd2hq.com/fr/news/trump-boasts-auto-comeback-michigan-data-says-hes,404,dynamicParams=false on active news route; historical slug is not in current news dataset
uber-rivian-and-the-125-billion-robotaxi-deal,en,https://www.obd2hq.com/en/news/uber-rivian-and-the-125-billion-robotaxi-deal,404,dynamicParams=false on active news route; historical slug is not in current news dataset
uber-rivian-and-the-125-billion-robotaxi-deal,de,https://www.obd2hq.com/de/news/uber-rivian-and-the-125-billion-robotaxi-deal,404,dynamicParams=false on active news route; historical slug is not in current news dataset
uber-rivian-and-the-125-billion-robotaxi-deal,es,https://www.obd2hq.com/es/news/uber-rivian-and-the-125-billion-robotaxi-deal,404,dynamicParams=false on active news route; historical slug is not in current news dataset
uber-rivian-and-the-125-billion-robotaxi-deal,tr,https://www.obd2hq.com/tr/news/uber-rivian-and-the-125-billion-robotaxi-deal,404,dynamicParams=false on active news route; historical slug is not in current news dataset
uber-rivian-and-the-125-billion-robotaxi-deal,fr,https://www.obd2hq.com/fr/news/uber-rivian-and-the-125-billion-robotaxi-deal,404,dynamicParams=false on active news route; historical slug is not in current news dataset
unexpected-isnt-over-lamborghini-hints-at-more-ste,en,https://www.obd2hq.com/en/news/unexpected-isnt-over-lamborghini-hints-at-more-ste,404,dynamicParams=false on active news route; historical slug is not in current news dataset
unexpected-isnt-over-lamborghini-hints-at-more-ste,de,https://www.obd2hq.com/de/news/unexpected-isnt-over-lamborghini-hints-at-more-ste,404,dynamicParams=false on active news route; historical slug is not in current news dataset
unexpected-isnt-over-lamborghini-hints-at-more-ste,es,https://www.obd2hq.com/es/news/unexpected-isnt-over-lamborghini-hints-at-more-ste,404,dynamicParams=false on active news route; historical slug is not in current news dataset
unexpected-isnt-over-lamborghini-hints-at-more-ste,tr,https://www.obd2hq.com/tr/news/unexpected-isnt-over-lamborghini-hints-at-more-ste,404,dynamicParams=false on active news route; historical slug is not in current news dataset
unexpected-isnt-over-lamborghini-hints-at-more-ste,fr,https://www.obd2hq.com/fr/news/unexpected-isnt-over-lamborghini-hints-at-more-ste,404,dynamicParams=false on active news route; historical slug is not in current news dataset
us-drivers-are-staying-away-from-premium-gas-due-t,en,https://www.obd2hq.com/en/news/us-drivers-are-staying-away-from-premium-gas-due-t,404,dynamicParams=false on active news route; historical slug is not in current news dataset
us-drivers-are-staying-away-from-premium-gas-due-t,de,https://www.obd2hq.com/de/news/us-drivers-are-staying-away-from-premium-gas-due-t,404,dynamicParams=false on active news route; historical slug is not in current news dataset
us-drivers-are-staying-away-from-premium-gas-due-t,es,https://www.obd2hq.com/es/news/us-drivers-are-staying-away-from-premium-gas-due-t,404,dynamicParams=false on active news route; historical slug is not in current news dataset
us-drivers-are-staying-away-from-premium-gas-due-t,tr,https://www.obd2hq.com/tr/news/us-drivers-are-staying-away-from-premium-gas-due-t,404,dynamicParams=false on active news route; historical slug is not in current news dataset
us-drivers-are-staying-away-from-premium-gas-due-t,fr,https://www.obd2hq.com/fr/news/us-drivers-are-staying-away-from-premium-gas-due-t,404,dynamicParams=false on active news route; historical slug is not in current news dataset
us-freedom-to-fix-directive,en,https://www.obd2hq.com/en/news/us-freedom-to-fix-directive,404,dynamicParams=false on active news route; historical slug is not in current news dataset
us-freedom-to-fix-directive,de,https://www.obd2hq.com/de/news/us-freedom-to-fix-directive,404,dynamicParams=false on active news route; historical slug is not in current news dataset
us-freedom-to-fix-directive,es,https://www.obd2hq.com/es/news/us-freedom-to-fix-directive,404,dynamicParams=false on active news route; historical slug is not in current news dataset
us-freedom-to-fix-directive,tr,https://www.obd2hq.com/tr/news/us-freedom-to-fix-directive,404,dynamicParams=false on active news route; historical slug is not in current news dataset
us-freedom-to-fix-directive,fr,https://www.obd2hq.com/fr/news/us-freedom-to-fix-directive,404,dynamicParams=false on active news route; historical slug is not in current news dataset
volkswagen-built-a-1000-horsepower-mega-golf-but-i,en,https://www.obd2hq.com/en/news/volkswagen-built-a-1000-horsepower-mega-golf-but-i,404,dynamicParams=false on active news route; historical slug is not in current news dataset
volkswagen-built-a-1000-horsepower-mega-golf-but-i,de,https://www.obd2hq.com/de/news/volkswagen-built-a-1000-horsepower-mega-golf-but-i,404,dynamicParams=false on active news route; historical slug is not in current news dataset
volkswagen-built-a-1000-horsepower-mega-golf-but-i,es,https://www.obd2hq.com/es/news/volkswagen-built-a-1000-horsepower-mega-golf-but-i,404,dynamicParams=false on active news route; historical slug is not in current news dataset
volkswagen-built-a-1000-horsepower-mega-golf-but-i,tr,https://www.obd2hq.com/tr/news/volkswagen-built-a-1000-horsepower-mega-golf-but-i,404,dynamicParams=false on active news route; historical slug is not in current news dataset
volkswagen-built-a-1000-horsepower-mega-golf-but-i,fr,https://www.obd2hq.com/fr/news/volkswagen-built-a-1000-horsepower-mega-golf-but-i,404,dynamicParams=false on active news route; historical slug is not in current news dataset
volkswagen-cant-quit-coupe-suvs-with-a-new-one-on,en,https://www.obd2hq.com/en/news/volkswagen-cant-quit-coupe-suvs-with-a-new-one-on,404,dynamicParams=false on active news route; historical slug is not in current news dataset
volkswagen-cant-quit-coupe-suvs-with-a-new-one-on,de,https://www.obd2hq.com/de/news/volkswagen-cant-quit-coupe-suvs-with-a-new-one-on,404,dynamicParams=false on active news route; historical slug is not in current news dataset
volkswagen-cant-quit-coupe-suvs-with-a-new-one-on,es,https://www.obd2hq.com/es/news/volkswagen-cant-quit-coupe-suvs-with-a-new-one-on,404,dynamicParams=false on active news route; historical slug is not in current news dataset
volkswagen-cant-quit-coupe-suvs-with-a-new-one-on,tr,https://www.obd2hq.com/tr/news/volkswagen-cant-quit-coupe-suvs-with-a-new-one-on,404,dynamicParams=false on active news route; historical slug is not in current news dataset
volkswagen-cant-quit-coupe-suvs-with-a-new-one-on,fr,https://www.obd2hq.com/fr/news/volkswagen-cant-quit-coupe-suvs-with-a-new-one-on,404,dynamicParams=false on active news route; historical slug is not in current news dataset
volkswagen-could-finally-build-a-pickup-truck-for,en,https://www.obd2hq.com/en/news/volkswagen-could-finally-build-a-pickup-truck-for,404,dynamicParams=false on active news route; historical slug is not in current news dataset
volkswagen-could-finally-build-a-pickup-truck-for,de,https://www.obd2hq.com/de/news/volkswagen-could-finally-build-a-pickup-truck-for,404,dynamicParams=false on active news route; historical slug is not in current news dataset
volkswagen-could-finally-build-a-pickup-truck-for,es,https://www.obd2hq.com/es/news/volkswagen-could-finally-build-a-pickup-truck-for,404,dynamicParams=false on active news route; historical slug is not in current news dataset
volkswagen-could-finally-build-a-pickup-truck-for,tr,https://www.obd2hq.com/tr/news/volkswagen-could-finally-build-a-pickup-truck-for,404,dynamicParams=false on active news route; historical slug is not in current news dataset
volkswagen-could-finally-build-a-pickup-truck-for,fr,https://www.obd2hq.com/fr/news/volkswagen-could-finally-build-a-pickup-truck-for,404,dynamicParams=false on active news route; historical slug is not in current news dataset
volkswagen-group-internal-memo-reportedly-calls-fo,en,https://www.obd2hq.com/en/news/volkswagen-group-internal-memo-reportedly-calls-fo,404,dynamicParams=false on active news route; historical slug is not in current news dataset
volkswagen-group-internal-memo-reportedly-calls-fo,de,https://www.obd2hq.com/de/news/volkswagen-group-internal-memo-reportedly-calls-fo,404,dynamicParams=false on active news route; historical slug is not in current news dataset
volkswagen-group-internal-memo-reportedly-calls-fo,es,https://www.obd2hq.com/es/news/volkswagen-group-internal-memo-reportedly-calls-fo,404,dynamicParams=false on active news route; historical slug is not in current news dataset
volkswagen-group-internal-memo-reportedly-calls-fo,tr,https://www.obd2hq.com/tr/news/volkswagen-group-internal-memo-reportedly-calls-fo,404,dynamicParams=false on active news route; historical slug is not in current news dataset
volkswagen-group-internal-memo-reportedly-calls-fo,fr,https://www.obd2hq.com/fr/news/volkswagen-group-internal-memo-reportedly-calls-fo,404,dynamicParams=false on active news route; historical slug is not in current news dataset
volkswagen-recalls-57000-atlas-suvs-after-backup-c,en,https://www.obd2hq.com/en/news/volkswagen-recalls-57000-atlas-suvs-after-backup-c,404,dynamicParams=false on active news route; historical slug is not in current news dataset
volkswagen-recalls-57000-atlas-suvs-after-backup-c,de,https://www.obd2hq.com/de/news/volkswagen-recalls-57000-atlas-suvs-after-backup-c,404,dynamicParams=false on active news route; historical slug is not in current news dataset
volkswagen-recalls-57000-atlas-suvs-after-backup-c,es,https://www.obd2hq.com/es/news/volkswagen-recalls-57000-atlas-suvs-after-backup-c,404,dynamicParams=false on active news route; historical slug is not in current news dataset
volkswagen-recalls-57000-atlas-suvs-after-backup-c,tr,https://www.obd2hq.com/tr/news/volkswagen-recalls-57000-atlas-suvs-after-backup-c,404,dynamicParams=false on active news route; historical slug is not in current news dataset
volkswagen-recalls-57000-atlas-suvs-after-backup-c,fr,https://www.obd2hq.com/fr/news/volkswagen-recalls-57000-atlas-suvs-after-backup-c,404,dynamicParams=false on active news route; historical slug is not in current news dataset
volkswagen-secretly-built-a-truck-based-suv-it-mig,en,https://www.obd2hq.com/en/news/volkswagen-secretly-built-a-truck-based-suv-it-mig,404,dynamicParams=false on active news route; historical slug is not in current news dataset
volkswagen-secretly-built-a-truck-based-suv-it-mig,de,https://www.obd2hq.com/de/news/volkswagen-secretly-built-a-truck-based-suv-it-mig,404,dynamicParams=false on active news route; historical slug is not in current news dataset
volkswagen-secretly-built-a-truck-based-suv-it-mig,es,https://www.obd2hq.com/es/news/volkswagen-secretly-built-a-truck-based-suv-it-mig,404,dynamicParams=false on active news route; historical slug is not in current news dataset
volkswagen-secretly-built-a-truck-based-suv-it-mig,tr,https://www.obd2hq.com/tr/news/volkswagen-secretly-built-a-truck-based-suv-it-mig,404,dynamicParams=false on active news route; historical slug is not in current news dataset
volkswagen-secretly-built-a-truck-based-suv-it-mig,fr,https://www.obd2hq.com/fr/news/volkswagen-secretly-built-a-truck-based-suv-it-mig,404,dynamicParams=false on active news route; historical slug is not in current news dataset
volume-up-bmw-is-already-testing-the-next-m3-with-,en,https://www.obd2hq.com/en/news/volume-up-bmw-is-already-testing-the-next-m3-with-,404,dynamicParams=false on active news route; historical slug is not in current news dataset
volume-up-bmw-is-already-testing-the-next-m3-with-,de,https://www.obd2hq.com/de/news/volume-up-bmw-is-already-testing-the-next-m3-with-,404,dynamicParams=false on active news route; historical slug is not in current news dataset
volume-up-bmw-is-already-testing-the-next-m3-with-,es,https://www.obd2hq.com/es/news/volume-up-bmw-is-already-testing-the-next-m3-with-,404,dynamicParams=false on active news route; historical slug is not in current news dataset
volume-up-bmw-is-already-testing-the-next-m3-with-,tr,https://www.obd2hq.com/tr/news/volume-up-bmw-is-already-testing-the-next-m3-with-,404,dynamicParams=false on active news route; historical slug is not in current news dataset
volume-up-bmw-is-already-testing-the-next-m3-with-,fr,https://www.obd2hq.com/fr/news/volume-up-bmw-is-already-testing-the-next-m3-with-,404,dynamicParams=false on active news route; historical slug is not in current news dataset
volvo-could-bring-back-sedans-and-wagons-after-all,en,https://www.obd2hq.com/en/news/volvo-could-bring-back-sedans-and-wagons-after-all,404,dynamicParams=false on active news route; historical slug is not in current news dataset
volvo-could-bring-back-sedans-and-wagons-after-all,de,https://www.obd2hq.com/de/news/volvo-could-bring-back-sedans-and-wagons-after-all,404,dynamicParams=false on active news route; historical slug is not in current news dataset
volvo-could-bring-back-sedans-and-wagons-after-all,es,https://www.obd2hq.com/es/news/volvo-could-bring-back-sedans-and-wagons-after-all,404,dynamicParams=false on active news route; historical slug is not in current news dataset
volvo-could-bring-back-sedans-and-wagons-after-all,tr,https://www.obd2hq.com/tr/news/volvo-could-bring-back-sedans-and-wagons-after-all,404,dynamicParams=false on active news route; historical slug is not in current news dataset
volvo-could-bring-back-sedans-and-wagons-after-all,fr,https://www.obd2hq.com/fr/news/volvo-could-bring-back-sedans-and-wagons-after-all,404,dynamicParams=false on active news route; historical slug is not in current news dataset
volvo-gears-up-for-the-most-ambitious-product-plan,en,https://www.obd2hq.com/en/news/volvo-gears-up-for-the-most-ambitious-product-plan,404,dynamicParams=false on active news route; historical slug is not in current news dataset
volvo-gears-up-for-the-most-ambitious-product-plan,de,https://www.obd2hq.com/de/news/volvo-gears-up-for-the-most-ambitious-product-plan,404,dynamicParams=false on active news route; historical slug is not in current news dataset
volvo-gears-up-for-the-most-ambitious-product-plan,es,https://www.obd2hq.com/es/news/volvo-gears-up-for-the-most-ambitious-product-plan,404,dynamicParams=false on active news route; historical slug is not in current news dataset
volvo-gears-up-for-the-most-ambitious-product-plan,tr,https://www.obd2hq.com/tr/news/volvo-gears-up-for-the-most-ambitious-product-plan,404,dynamicParams=false on active news route; historical slug is not in current news dataset
volvo-gears-up-for-the-most-ambitious-product-plan,fr,https://www.obd2hq.com/fr/news/volvo-gears-up-for-the-most-ambitious-product-plan,404,dynamicParams=false on active news route; historical slug is not in current news dataset
volvo-is-reportedly-working-on-a-bigger-more-affor,en,https://www.obd2hq.com/en/news/volvo-is-reportedly-working-on-a-bigger-more-affor,404,dynamicParams=false on active news route; historical slug is not in current news dataset
volvo-is-reportedly-working-on-a-bigger-more-affor,de,https://www.obd2hq.com/de/news/volvo-is-reportedly-working-on-a-bigger-more-affor,404,dynamicParams=false on active news route; historical slug is not in current news dataset
volvo-is-reportedly-working-on-a-bigger-more-affor,es,https://www.obd2hq.com/es/news/volvo-is-reportedly-working-on-a-bigger-more-affor,404,dynamicParams=false on active news route; historical slug is not in current news dataset
volvo-is-reportedly-working-on-a-bigger-more-affor,tr,https://www.obd2hq.com/tr/news/volvo-is-reportedly-working-on-a-bigger-more-affor,404,dynamicParams=false on active news route; historical slug is not in current news dataset
volvo-is-reportedly-working-on-a-bigger-more-affor,fr,https://www.obd2hq.com/fr/news/volvo-is-reportedly-working-on-a-bigger-more-affor,404,dynamicParams=false on active news route; historical slug is not in current news dataset
vote-now-colin-mcraes-subaru-impreza-could-become,en,https://www.obd2hq.com/en/news/vote-now-colin-mcraes-subaru-impreza-could-become,404,dynamicParams=false on active news route; historical slug is not in current news dataset
vote-now-colin-mcraes-subaru-impreza-could-become,de,https://www.obd2hq.com/de/news/vote-now-colin-mcraes-subaru-impreza-could-become,404,dynamicParams=false on active news route; historical slug is not in current news dataset
vote-now-colin-mcraes-subaru-impreza-could-become,es,https://www.obd2hq.com/es/news/vote-now-colin-mcraes-subaru-impreza-could-become,404,dynamicParams=false on active news route; historical slug is not in current news dataset
vote-now-colin-mcraes-subaru-impreza-could-become,tr,https://www.obd2hq.com/tr/news/vote-now-colin-mcraes-subaru-impreza-could-become,404,dynamicParams=false on active news route; historical slug is not in current news dataset
vote-now-colin-mcraes-subaru-impreza-could-become,fr,https://www.obd2hq.com/fr/news/vote-now-colin-mcraes-subaru-impreza-could-become,404,dynamicParams=false on active news route; historical slug is not in current news dataset
vw-explored-a-range-extending-gas-engine-for-the-i,en,https://www.obd2hq.com/en/news/vw-explored-a-range-extending-gas-engine-for-the-i,404,dynamicParams=false on active news route; historical slug is not in current news dataset
vw-explored-a-range-extending-gas-engine-for-the-i,de,https://www.obd2hq.com/de/news/vw-explored-a-range-extending-gas-engine-for-the-i,404,dynamicParams=false on active news route; historical slug is not in current news dataset
vw-explored-a-range-extending-gas-engine-for-the-i,es,https://www.obd2hq.com/es/news/vw-explored-a-range-extending-gas-engine-for-the-i,404,dynamicParams=false on active news route; historical slug is not in current news dataset
vw-explored-a-range-extending-gas-engine-for-the-i,tr,https://www.obd2hq.com/tr/news/vw-explored-a-range-extending-gas-engine-for-the-i,404,dynamicParams=false on active news route; historical slug is not in current news dataset
vw-explored-a-range-extending-gas-engine-for-the-i,fr,https://www.obd2hq.com/fr/news/vw-explored-a-range-extending-gas-engine-for-the-i,404,dynamicParams=false on active news route; historical slug is not in current news dataset
vw-group-boss-admits-the-real-problem-its-cars-are,en,https://www.obd2hq.com/en/news/vw-group-boss-admits-the-real-problem-its-cars-are,404,dynamicParams=false on active news route; historical slug is not in current news dataset
vw-group-boss-admits-the-real-problem-its-cars-are,de,https://www.obd2hq.com/de/news/vw-group-boss-admits-the-real-problem-its-cars-are,404,dynamicParams=false on active news route; historical slug is not in current news dataset
vw-group-boss-admits-the-real-problem-its-cars-are,es,https://www.obd2hq.com/es/news/vw-group-boss-admits-the-real-problem-its-cars-are,404,dynamicParams=false on active news route; historical slug is not in current news dataset
vw-group-boss-admits-the-real-problem-its-cars-are,tr,https://www.obd2hq.com/tr/news/vw-group-boss-admits-the-real-problem-its-cars-are,404,dynamicParams=false on active news route; historical slug is not in current news dataset
vw-group-boss-admits-the-real-problem-its-cars-are,fr,https://www.obd2hq.com/fr/news/vw-group-boss-admits-the-real-problem-its-cars-are,404,dynamicParams=false on active news route; historical slug is not in current news dataset
watch-a-honda-prelude-tackle-the-infamous-moose-te,en,https://www.obd2hq.com/en/news/watch-a-honda-prelude-tackle-the-infamous-moose-te,404,dynamicParams=false on active news route; historical slug is not in current news dataset
watch-a-honda-prelude-tackle-the-infamous-moose-te,de,https://www.obd2hq.com/de/news/watch-a-honda-prelude-tackle-the-infamous-moose-te,404,dynamicParams=false on active news route; historical slug is not in current news dataset
watch-a-honda-prelude-tackle-the-infamous-moose-te,es,https://www.obd2hq.com/es/news/watch-a-honda-prelude-tackle-the-infamous-moose-te,404,dynamicParams=false on active news route; historical slug is not in current news dataset
watch-a-honda-prelude-tackle-the-infamous-moose-te,tr,https://www.obd2hq.com/tr/news/watch-a-honda-prelude-tackle-the-infamous-moose-te,404,dynamicParams=false on active news route; historical slug is not in current news dataset
watch-a-honda-prelude-tackle-the-infamous-moose-te,fr,https://www.obd2hq.com/fr/news/watch-a-honda-prelude-tackle-the-infamous-moose-te,404,dynamicParams=false on active news route; historical slug is not in current news dataset
watch-mercedes-amg-gt-prototype-catches-fire-durin,en,https://www.obd2hq.com/en/news/watch-mercedes-amg-gt-prototype-catches-fire-durin,404,dynamicParams=false on active news route; historical slug is not in current news dataset
watch-mercedes-amg-gt-prototype-catches-fire-durin,de,https://www.obd2hq.com/de/news/watch-mercedes-amg-gt-prototype-catches-fire-durin,404,dynamicParams=false on active news route; historical slug is not in current news dataset
watch-mercedes-amg-gt-prototype-catches-fire-durin,es,https://www.obd2hq.com/es/news/watch-mercedes-amg-gt-prototype-catches-fire-durin,404,dynamicParams=false on active news route; historical slug is not in current news dataset
watch-mercedes-amg-gt-prototype-catches-fire-durin,tr,https://www.obd2hq.com/tr/news/watch-mercedes-amg-gt-prototype-catches-fire-durin,404,dynamicParams=false on active news route; historical slug is not in current news dataset
watch-mercedes-amg-gt-prototype-catches-fire-durin,fr,https://www.obd2hq.com/fr/news/watch-mercedes-amg-gt-prototype-catches-fire-durin,404,dynamicParams=false on active news route; historical slug is not in current news dataset
watch-the-2026-goodwood-festival-of-speed-live,en,https://www.obd2hq.com/en/news/watch-the-2026-goodwood-festival-of-speed-live,404,dynamicParams=false on active news route; historical slug is not in current news dataset
watch-the-2026-goodwood-festival-of-speed-live,de,https://www.obd2hq.com/de/news/watch-the-2026-goodwood-festival-of-speed-live,404,dynamicParams=false on active news route; historical slug is not in current news dataset
watch-the-2026-goodwood-festival-of-speed-live,es,https://www.obd2hq.com/es/news/watch-the-2026-goodwood-festival-of-speed-live,404,dynamicParams=false on active news route; historical slug is not in current news dataset
watch-the-2026-goodwood-festival-of-speed-live,tr,https://www.obd2hq.com/tr/news/watch-the-2026-goodwood-festival-of-speed-live,404,dynamicParams=false on active news route; historical slug is not in current news dataset
watch-the-2026-goodwood-festival-of-speed-live,fr,https://www.obd2hq.com/fr/news/watch-the-2026-goodwood-festival-of-speed-live,404,dynamicParams=false on active news route; historical slug is not in current news dataset
were-here-to-deliver-how-a-forgotten-hypercar-comp,en,https://www.obd2hq.com/en/news/were-here-to-deliver-how-a-forgotten-hypercar-comp,404,dynamicParams=false on active news route; historical slug is not in current news dataset
were-here-to-deliver-how-a-forgotten-hypercar-comp,de,https://www.obd2hq.com/de/news/were-here-to-deliver-how-a-forgotten-hypercar-comp,404,dynamicParams=false on active news route; historical slug is not in current news dataset
were-here-to-deliver-how-a-forgotten-hypercar-comp,es,https://www.obd2hq.com/es/news/were-here-to-deliver-how-a-forgotten-hypercar-comp,404,dynamicParams=false on active news route; historical slug is not in current news dataset
were-here-to-deliver-how-a-forgotten-hypercar-comp,tr,https://www.obd2hq.com/tr/news/were-here-to-deliver-how-a-forgotten-hypercar-comp,404,dynamicParams=false on active news route; historical slug is not in current news dataset
were-here-to-deliver-how-a-forgotten-hypercar-comp,fr,https://www.obd2hq.com/fr/news/were-here-to-deliver-how-a-forgotten-hypercar-comp,404,dynamicParams=false on active news route; historical slug is not in current news dataset
what-every-nissan-brake-caliper-color-means,en,https://www.obd2hq.com/en/news/what-every-nissan-brake-caliper-color-means,404,dynamicParams=false on active news route; historical slug is not in current news dataset
what-every-nissan-brake-caliper-color-means,de,https://www.obd2hq.com/de/news/what-every-nissan-brake-caliper-color-means,404,dynamicParams=false on active news route; historical slug is not in current news dataset
what-every-nissan-brake-caliper-color-means,es,https://www.obd2hq.com/es/news/what-every-nissan-brake-caliper-color-means,404,dynamicParams=false on active news route; historical slug is not in current news dataset
what-every-nissan-brake-caliper-color-means,tr,https://www.obd2hq.com/tr/news/what-every-nissan-brake-caliper-color-means,404,dynamicParams=false on active news route; historical slug is not in current news dataset
what-every-nissan-brake-caliper-color-means,fr,https://www.obd2hq.com/fr/news/what-every-nissan-brake-caliper-color-means,404,dynamicParams=false on active news route; historical slug is not in current news dataset
what-polestars-us-ban-really-means-for-owners,en,https://www.obd2hq.com/en/news/what-polestars-us-ban-really-means-for-owners,404,dynamicParams=false on active news route; historical slug is not in current news dataset
what-polestars-us-ban-really-means-for-owners,de,https://www.obd2hq.com/de/news/what-polestars-us-ban-really-means-for-owners,404,dynamicParams=false on active news route; historical slug is not in current news dataset
what-polestars-us-ban-really-means-for-owners,es,https://www.obd2hq.com/es/news/what-polestars-us-ban-really-means-for-owners,404,dynamicParams=false on active news route; historical slug is not in current news dataset
what-polestars-us-ban-really-means-for-owners,tr,https://www.obd2hq.com/tr/news/what-polestars-us-ban-really-means-for-owners,404,dynamicParams=false on active news route; historical slug is not in current news dataset
what-polestars-us-ban-really-means-for-owners,fr,https://www.obd2hq.com/fr/news/what-polestars-us-ban-really-means-for-owners,404,dynamicParams=false on active news route; historical slug is not in current news dataset
why-red-bulls-first-hypercar-had-to-have-a-v10-int,en,https://www.obd2hq.com/en/news/why-red-bulls-first-hypercar-had-to-have-a-v10-int,404,dynamicParams=false on active news route; historical slug is not in current news dataset
why-red-bulls-first-hypercar-had-to-have-a-v10-int,de,https://www.obd2hq.com/de/news/why-red-bulls-first-hypercar-had-to-have-a-v10-int,404,dynamicParams=false on active news route; historical slug is not in current news dataset
why-red-bulls-first-hypercar-had-to-have-a-v10-int,es,https://www.obd2hq.com/es/news/why-red-bulls-first-hypercar-had-to-have-a-v10-int,404,dynamicParams=false on active news route; historical slug is not in current news dataset
why-red-bulls-first-hypercar-had-to-have-a-v10-int,tr,https://www.obd2hq.com/tr/news/why-red-bulls-first-hypercar-had-to-have-a-v10-int,404,dynamicParams=false on active news route; historical slug is not in current news dataset
why-red-bulls-first-hypercar-had-to-have-a-v10-int,fr,https://www.obd2hq.com/fr/news/why-red-bulls-first-hypercar-had-to-have-a-v10-int,404,dynamicParams=false on active news route; historical slug is not in current news dataset
you-can-still-buy-a-honda-fit-in-japan-for-super-c,en,https://www.obd2hq.com/en/news/you-can-still-buy-a-honda-fit-in-japan-for-super-c,404,dynamicParams=false on active news route; historical slug is not in current news dataset
you-can-still-buy-a-honda-fit-in-japan-for-super-c,de,https://www.obd2hq.com/de/news/you-can-still-buy-a-honda-fit-in-japan-for-super-c,404,dynamicParams=false on active news route; historical slug is not in current news dataset
you-can-still-buy-a-honda-fit-in-japan-for-super-c,es,https://www.obd2hq.com/es/news/you-can-still-buy-a-honda-fit-in-japan-for-super-c,404,dynamicParams=false on active news route; historical slug is not in current news dataset
you-can-still-buy-a-honda-fit-in-japan-for-super-c,tr,https://www.obd2hq.com/tr/news/you-can-still-buy-a-honda-fit-in-japan-for-super-c,404,dynamicParams=false on active news route; historical slug is not in current news dataset
you-can-still-buy-a-honda-fit-in-japan-for-super-c,fr,https://www.obd2hq.com/fr/news/you-can-still-buy-a-honda-fit-in-japan-for-super-c,404,dynamicParams=false on active news route; historical slug is not in current news dataset
your-gas-station-has-three-fuel-grades-so-why-does,en,https://www.obd2hq.com/en/news/your-gas-station-has-three-fuel-grades-so-why-does,404,dynamicParams=false on active news route; historical slug is not in current news dataset
your-gas-station-has-three-fuel-grades-so-why-does,de,https://www.obd2hq.com/de/news/your-gas-station-has-three-fuel-grades-so-why-does,404,dynamicParams=false on active news route; historical slug is not in current news dataset
your-gas-station-has-three-fuel-grades-so-why-does,es,https://www.obd2hq.com/es/news/your-gas-station-has-three-fuel-grades-so-why-does,404,dynamicParams=false on active news route; historical slug is not in current news dataset
your-gas-station-has-three-fuel-grades-so-why-does,tr,https://www.obd2hq.com/tr/news/your-gas-station-has-three-fuel-grades-so-why-does,404,dynamicParams=false on active news route; historical slug is not in current news dataset
your-gas-station-has-three-fuel-grades-so-why-does,fr,https://www.obd2hq.com/fr/news/your-gas-station-has-three-fuel-grades-so-why-does,404,dynamicParams=false on active news route; historical slug is not in current news dataset
zoox-can-start-charging-for-steering-wheel-free-ro,en,https://www.obd2hq.com/en/news/zoox-can-start-charging-for-steering-wheel-free-ro,404,dynamicParams=false on active news route; historical slug is not in current news dataset
zoox-can-start-charging-for-steering-wheel-free-ro,de,https://www.obd2hq.com/de/news/zoox-can-start-charging-for-steering-wheel-free-ro,404,dynamicParams=false on active news route; historical slug is not in current news dataset
zoox-can-start-charging-for-steering-wheel-free-ro,es,https://www.obd2hq.com/es/news/zoox-can-start-charging-for-steering-wheel-free-ro,404,dynamicParams=false on active news route; historical slug is not in current news dataset
zoox-can-start-charging-for-steering-wheel-free-ro,tr,https://www.obd2hq.com/tr/news/zoox-can-start-charging-for-steering-wheel-free-ro,404,dynamicParams=false on active news route; historical slug is not in current news dataset
zoox-can-start-charging-for-steering-wheel-free-ro,fr,https://www.obd2hq.com/fr/news/zoox-can-start-charging-for-steering-wheel-free-ro,404,dynamicParams=false on active news route; historical slug is not in current news dataset
